cve,ferramenta,nivel,gt_tipo_ponto,gt_ponto_post,na_principal,motivo_fora_principal,lado_vulneravel,status_corrigida,tratado_corrigido,lado_corrigido
CVE-2016-10735,codeql,nivel_3,trecho,120-120,true,,VP,OK,true,VN
CVE-2016-10735,codeql,nivel_4_generosa,trecho,120-120,true,,VP,OK,true,VN
CVE-2016-10735,codeql,nivel_4_estrita,trecho,120-120,true,,VP,OK,true,VN
CVE-2016-10735,semgrep,nivel_3,trecho,120-120,true,,FN,OK,true,VN
CVE-2016-10735,semgrep,nivel_4_generosa,trecho,120-120,true,,FN,OK,true,VN
CVE-2016-10735,semgrep,nivel_4_estrita,trecho,120-120,true,,FN,OK,true,VN
CVE-2016-10735,snyk-code,nivel_3,trecho,120-120,true,,FN,OK,true,VN
CVE-2016-10735,snyk-code,nivel_4_generosa,trecho,120-120,true,,FN,OK,true,VN
CVE-2016-10735,snyk-code,nivel_4_estrita,trecho,120-120,true,,FN,OK,true,VN
CVE-2017-0931,codeql,nivel_3,trecho,43-45,true,,FN,SEM_ACHADOS,true,VN
CVE-2017-0931,codeql,nivel_4_generosa,trecho,43-45,true,,FN,SEM_ACHADOS,true,VN
CVE-2017-0931,codeql,nivel_4_estrita,trecho,43-45,true,,FN,SEM_ACHADOS,true,VN
CVE-2017-0931,semgrep,nivel_3,trecho,43-45,true,,FN,SEM_ACHADOS,true,VN
CVE-2017-0931,semgrep,nivel_4_generosa,trecho,43-45,true,,FN,SEM_ACHADOS,true,VN
CVE-2017-0931,semgrep,nivel_4_estrita,trecho,43-45,true,,FN,SEM_ACHADOS,true,VN
CVE-2017-0931,snyk-code,nivel_3,trecho,43-45,true,,FN,SEM_ACHADOS,true,VN
CVE-2017-0931,snyk-code,nivel_4_generosa,trecho,43-45,true,,FN,SEM_ACHADOS,true,VN
CVE-2017-0931,snyk-code,nivel_4_estrita,trecho,43-45,true,,FN,SEM_ACHADOS,true,VN
CVE-2017-1000006,codeql,nivel_3,trecho,280-280,true,,FN,OK,true,VN
CVE-2017-1000006,codeql,nivel_4_generosa,trecho,280-280,true,,FN,OK,true,VN
CVE-2017-1000006,codeql,nivel_4_estrita,trecho,280-280,true,,FN,OK,true,VN
CVE-2017-1000006,semgrep,nivel_3,trecho,280-280,true,,FN,OK,true,VN
CVE-2017-1000006,semgrep,nivel_4_generosa,trecho,280-280,true,,FN,OK,true,VN
CVE-2017-1000006,semgrep,nivel_4_estrita,trecho,280-280,true,,FN,OK,true,VN
CVE-2017-1000006,snyk-code,nivel_3,trecho,280-280,true,,FN,OK,true,VN
CVE-2017-1000006,snyk-code,nivel_4_generosa,trecho,280-280,true,,FN,OK,true,VN
CVE-2017-1000006,snyk-code,nivel_4_estrita,trecho,280-280,true,,FN,OK,true,VN
CVE-2017-1000219,codeql,nivel_3,trecho,74-81,true,,FN,SEM_ACHADOS,true,VN
CVE-2017-1000219,codeql,nivel_4_generosa,trecho,74-81,true,,FN,SEM_ACHADOS,true,VN
CVE-2017-1000219,codeql,nivel_4_estrita,trecho,74-81,true,,FN,SEM_ACHADOS,true,VN
CVE-2017-1000219,semgrep,nivel_3,trecho,74-81,true,,FN,SEM_ACHADOS,true,VN
CVE-2017-1000219,semgrep,nivel_4_generosa,trecho,74-81,true,,FN,SEM_ACHADOS,true,VN
CVE-2017-1000219,semgrep,nivel_4_estrita,trecho,74-81,true,,FN,SEM_ACHADOS,true,VN
CVE-2017-1000219,snyk-code,nivel_3,trecho,74-81,true,,FN,SEM_ACHADOS,true,VN
CVE-2017-1000219,snyk-code,nivel_4_generosa,trecho,74-81,true,,FN,SEM_ACHADOS,true,VN
CVE-2017-1000219,snyk-code,nivel_4_estrita,trecho,74-81,true,,FN,SEM_ACHADOS,true,VN
CVE-2017-1000427,codeql,nivel_3,trecho,878-878,true,,VP,OK,true,VN
CVE-2017-1000427,codeql,nivel_4_generosa,trecho,878-878,true,,VP,OK,true,VN
CVE-2017-1000427,codeql,nivel_4_estrita,trecho,878-878,true,,VP,OK,true,VN
CVE-2017-1000427,semgrep,nivel_3,trecho,878-878,true,,FN,OK,true,VN
CVE-2017-1000427,semgrep,nivel_4_generosa,trecho,878-878,true,,FN,OK,true,VN
CVE-2017-1000427,semgrep,nivel_4_estrita,trecho,878-878,true,,FN,OK,true,VN
CVE-2017-1000427,snyk-code,nivel_3,trecho,878-878,true,,FN,OK,true,VN
CVE-2017-1000427,snyk-code,nivel_4_generosa,trecho,878-878,true,,FN,OK,true,VN
CVE-2017-1000427,snyk-code,nivel_4_estrita,trecho,878-878,true,,FN,OK,true,VN
CVE-2017-1001004,codeql,nivel_3,inalterada,1121,true,,FN,OK,true,VN
CVE-2017-1001004,codeql,nivel_4_generosa,inalterada,1121,true,,FN,OK,true,VN
CVE-2017-1001004,codeql,nivel_4_estrita,inalterada,1121,true,,FN,OK,true,VN
CVE-2017-1001004,semgrep,nivel_3,inalterada,1121,true,,FN,OK,true,VN
CVE-2017-1001004,semgrep,nivel_4_generosa,inalterada,1121,true,,FN,OK,true,VN
CVE-2017-1001004,semgrep,nivel_4_estrita,inalterada,1121,true,,FN,OK,true,VN
CVE-2017-1001004,snyk-code,nivel_3,inalterada,1121,true,,FN,OK,true,VN
CVE-2017-1001004,snyk-code,nivel_4_generosa,inalterada,1121,true,,FN,OK,true,VN
CVE-2017-1001004,snyk-code,nivel_4_estrita,inalterada,1121,true,,FN,OK,true,VN
CVE-2017-10910,codeql,nivel_3,trecho,271-271,true,,FN,OK,true,VN
CVE-2017-10910,codeql,nivel_4_generosa,trecho,271-271,true,,FN,OK,true,VN
CVE-2017-10910,codeql,nivel_4_estrita,trecho,271-271,true,,FN,OK,true,VN
CVE-2017-10910,semgrep,nivel_3,trecho,271-271,true,,FN,OK,true,VN
CVE-2017-10910,semgrep,nivel_4_generosa,trecho,271-271,true,,FN,OK,true,VN
CVE-2017-10910,semgrep,nivel_4_estrita,trecho,271-271,true,,FN,OK,true,VN
CVE-2017-10910,snyk-code,nivel_3,trecho,271-271,true,,FN,OK,true,VN
CVE-2017-10910,snyk-code,nivel_4_generosa,trecho,271-271,true,,FN,OK,true,VN
CVE-2017-10910,snyk-code,nivel_4_estrita,trecho,271-271,true,,FN,OK,true,VN
CVE-2017-15010,codeql,nivel_3,trecho,61-61,true,,FN,OK,true,VN
CVE-2017-15010,codeql,nivel_4_generosa,trecho,61-61,true,,FN,OK,true,VN
CVE-2017-15010,codeql,nivel_4_estrita,trecho,61-61,true,,FN,OK,true,VN
CVE-2017-15010,semgrep,nivel_3,trecho,61-61,true,,FN,SEM_ACHADOS,true,VN
CVE-2017-15010,semgrep,nivel_4_generosa,trecho,61-61,true,,FN,SEM_ACHADOS,true,VN
CVE-2017-15010,semgrep,nivel_4_estrita,trecho,61-61,true,,FN,SEM_ACHADOS,true,VN
CVE-2017-15010,snyk-code,nivel_3,trecho,61-61,true,,FN,SEM_ACHADOS,true,VN
CVE-2017-15010,snyk-code,nivel_4_generosa,trecho,61-61,true,,FN,SEM_ACHADOS,true,VN
CVE-2017-15010,snyk-code,nivel_4_estrita,trecho,61-61,true,,FN,SEM_ACHADOS,true,VN
CVE-2017-16003,codeql,nivel_3,inalterada,38,true,,VP,SEM_ACHADOS,true,VN
CVE-2017-16003,codeql,nivel_4_generosa,inalterada,38,true,,VP,SEM_ACHADOS,true,VN
CVE-2017-16003,codeql,nivel_4_estrita,inalterada,38,true,,VP,SEM_ACHADOS,true,VN
CVE-2017-16003,semgrep,nivel_3,inalterada,38,true,,FN,OK,true,VN
CVE-2017-16003,semgrep,nivel_4_generosa,inalterada,38,true,,FN,OK,true,VN
CVE-2017-16003,semgrep,nivel_4_estrita,inalterada,38,true,,FN,OK,true,VN
CVE-2017-16003,snyk-code,nivel_3,inalterada,38,true,,FN,SEM_ACHADOS,true,VN
CVE-2017-16003,snyk-code,nivel_4_generosa,inalterada,38,true,,FN,SEM_ACHADOS,true,VN
CVE-2017-16003,snyk-code,nivel_4_estrita,inalterada,38,true,,FN,SEM_ACHADOS,true,VN
CVE-2017-16006,codeql,nivel_3,inalterada,151,true,,VP,OK,true,VN
CVE-2017-16006,codeql,nivel_4_generosa,inalterada,151,true,,VP,OK,true,VN
CVE-2017-16006,codeql,nivel_4_estrita,inalterada,151,true,,VP,OK,true,VN
CVE-2017-16006,semgrep,nivel_3,inalterada,151,true,,FN,OK,true,VN
CVE-2017-16006,semgrep,nivel_4_generosa,inalterada,151,true,,FN,OK,true,VN
CVE-2017-16006,semgrep,nivel_4_estrita,inalterada,151,true,,FN,OK,true,VN
CVE-2017-16006,snyk-code,nivel_3,inalterada,151,true,,FN,OK,true,VN
CVE-2017-16006,snyk-code,nivel_4_generosa,inalterada,151,true,,FN,OK,true,VN
CVE-2017-16006,snyk-code,nivel_4_estrita,inalterada,151,true,,FN,OK,true,VN
CVE-2017-16011,codeql,nivel_3,trecho,52-53,true,,FN,OK,true,VN
CVE-2017-16011,codeql,nivel_4_generosa,trecho,52-53,true,,FN,OK,true,VN
CVE-2017-16011,codeql,nivel_4_estrita,trecho,52-53,true,,FN,OK,true,VN
CVE-2017-16011,semgrep,nivel_3,trecho,52-53,true,,FN,OK,true,VN
CVE-2017-16011,semgrep,nivel_4_generosa,trecho,52-53,true,,FN,OK,true,VN
CVE-2017-16011,semgrep,nivel_4_estrita,trecho,52-53,true,,FN,OK,true,VN
CVE-2017-16011,snyk-code,nivel_3,trecho,52-53,true,,FN,OK,true,VN
CVE-2017-16011,snyk-code,nivel_4_generosa,trecho,52-53,true,,FN,OK,true,VN
CVE-2017-16011,snyk-code,nivel_4_estrita,trecho,52-53,true,,FN,OK,true,VN
CVE-2017-16014,codeql,nivel_3,trecho,225-235,true,,FN,OK,true,VN
CVE-2017-16014,codeql,nivel_4_generosa,trecho,225-235,true,,FN,OK,true,VN
CVE-2017-16014,codeql,nivel_4_estrita,trecho,225-235,true,,FN,OK,true,VN
CVE-2017-16014,semgrep,nivel_3,trecho,225-235,true,,FN,OK,true,VN
CVE-2017-16014,semgrep,nivel_4_generosa,trecho,225-235,true,,FN,OK,true,VN
CVE-2017-16014,semgrep,nivel_4_estrita,trecho,225-235,true,,FN,OK,true,VN
CVE-2017-16014,snyk-code,nivel_3,trecho,225-235,true,,FN,OK,true,VN
CVE-2017-16014,snyk-code,nivel_4_generosa,trecho,225-235,true,,FN,OK,true,VN
CVE-2017-16014,snyk-code,nivel_4_estrita,trecho,225-235,true,,FN,OK,true,VN
CVE-2017-16018,codeql,nivel_3,inalterada,202,true,,FN,OK,true,VN
CVE-2017-16018,codeql,nivel_4_generosa,inalterada,202,true,,FN,OK,true,VN
CVE-2017-16018,codeql,nivel_4_estrita,inalterada,202,true,,FN,OK,true,VN
CVE-2017-16018,semgrep,nivel_3,inalterada,202,true,,FN,OK,true,VN
CVE-2017-16018,semgrep,nivel_4_generosa,inalterada,202,true,,FN,OK,true,VN
CVE-2017-16018,semgrep,nivel_4_estrita,inalterada,202,true,,FN,OK,true,VN
CVE-2017-16018,snyk-code,nivel_3,inalterada,202,true,,VP,OK,true,FP
CVE-2017-16018,snyk-code,nivel_4_generosa,inalterada,202,true,,FN,OK,true,VN
CVE-2017-16018,snyk-code,nivel_4_estrita,inalterada,202,true,,FN,OK,true,VN
CVE-2017-16023,codeql,nivel_3,trecho,14-14,true,,FN,SEM_ACHADOS,true,VN
CVE-2017-16023,codeql,nivel_4_generosa,trecho,14-14,true,,FN,SEM_ACHADOS,true,VN
CVE-2017-16023,codeql,nivel_4_estrita,trecho,14-14,true,,FN,SEM_ACHADOS,true,VN
CVE-2017-16023,semgrep,nivel_3,trecho,14-14,true,,VP,OK,true,FP
CVE-2017-16023,semgrep,nivel_4_generosa,trecho,14-14,true,,FN,OK,true,VN
CVE-2017-16023,semgrep,nivel_4_estrita,trecho,14-14,true,,FN,OK,true,VN
CVE-2017-16023,snyk-code,nivel_3,trecho,14-14,true,,FN,SEM_ACHADOS,true,VN
CVE-2017-16023,snyk-code,nivel_4_generosa,trecho,14-14,true,,FN,SEM_ACHADOS,true,VN
CVE-2017-16023,snyk-code,nivel_4_estrita,trecho,14-14,true,,FN,SEM_ACHADOS,true,VN
CVE-2017-16026,codeql,nivel_3,inalterada,74,true,,FN,OK,true,VN
CVE-2017-16026,codeql,nivel_4_generosa,inalterada,74,true,,FN,OK,true,VN
CVE-2017-16026,codeql,nivel_4_estrita,inalterada,74,true,,FN,OK,true,VN
CVE-2017-16026,semgrep,nivel_3,inalterada,74,true,,FN,OK,true,VN
CVE-2017-16026,semgrep,nivel_4_generosa,inalterada,74,true,,FN,OK,true,VN
CVE-2017-16026,semgrep,nivel_4_estrita,inalterada,74,true,,FN,OK,true,VN
CVE-2017-16026,snyk-code,nivel_3,inalterada,74,true,,FN,OK,true,VN
CVE-2017-16026,snyk-code,nivel_4_generosa,inalterada,74,true,,FN,OK,true,VN
CVE-2017-16026,snyk-code,nivel_4_estrita,inalterada,74,true,,FN,OK,true,VN
CVE-2017-16028,codeql,nivel_3,trecho,83-83,true,,FN,SEM_ACHADOS,true,VN
CVE-2017-16028,codeql,nivel_4_generosa,trecho,83-83,true,,FN,SEM_ACHADOS,true,VN
CVE-2017-16028,codeql,nivel_4_estrita,trecho,83-83,true,,FN,SEM_ACHADOS,true,VN
CVE-2017-16028,semgrep,nivel_3,trecho,83-83,true,,FN,OK,true,VN
CVE-2017-16028,semgrep,nivel_4_generosa,trecho,83-83,true,,FN,OK,true,VN
CVE-2017-16028,semgrep,nivel_4_estrita,trecho,83-83,true,,FN,OK,true,VN
CVE-2017-16028,snyk-code,nivel_3,trecho,83-83,true,,FN,SEM_ACHADOS,true,VN
CVE-2017-16028,snyk-code,nivel_4_generosa,trecho,83-83,true,,FN,SEM_ACHADOS,true,VN
CVE-2017-16028,snyk-code,nivel_4_estrita,trecho,83-83,true,,FN,SEM_ACHADOS,true,VN
CVE-2017-16029,codeql,nivel_3,inalterada,33,true,,FN,OK,true,VN
CVE-2017-16029,codeql,nivel_4_generosa,inalterada,33,true,,FN,OK,true,VN
CVE-2017-16029,codeql,nivel_4_estrita,inalterada,33,true,,FN,OK,true,VN
CVE-2017-16029,semgrep,nivel_3,inalterada,33,true,,FN,OK,true,VN
CVE-2017-16029,semgrep,nivel_4_generosa,inalterada,33,true,,FN,OK,true,VN
CVE-2017-16029,semgrep,nivel_4_estrita,inalterada,33,true,,FN,OK,true,VN
CVE-2017-16029,snyk-code,nivel_3,inalterada,33,true,,VP,OK,true,FP
CVE-2017-16029,snyk-code,nivel_4_generosa,inalterada,33,true,,VP,OK,true,VN
CVE-2017-16029,snyk-code,nivel_4_estrita,inalterada,33,true,,FN,OK,true,VN
CVE-2017-16030,codeql,nivel_3,inalterada,887,true,,FN,OK,true,VN
CVE-2017-16030,codeql,nivel_4_generosa,inalterada,887,true,,FN,OK,true,VN
CVE-2017-16030,codeql,nivel_4_estrita,inalterada,887,true,,FN,OK,true,VN
CVE-2017-16030,semgrep,nivel_3,inalterada,887,true,,FN,OK,true,VN
CVE-2017-16030,semgrep,nivel_4_generosa,inalterada,887,true,,FN,OK,true,VN
CVE-2017-16030,semgrep,nivel_4_estrita,inalterada,887,true,,FN,OK,true,VN
CVE-2017-16030,snyk-code,nivel_3,inalterada,887,true,,FN,OK,true,VN
CVE-2017-16030,snyk-code,nivel_4_generosa,inalterada,887,true,,FN,OK,true,VN
CVE-2017-16030,snyk-code,nivel_4_estrita,inalterada,887,true,,FN,OK,true,VN
CVE-2017-16031,codeql,nivel_3,trecho,761-761,true,,FN,OK,true,VN
CVE-2017-16031,codeql,nivel_4_generosa,trecho,761-761,true,,FN,OK,true,VN
CVE-2017-16031,codeql,nivel_4_estrita,trecho,761-761,true,,FN,OK,true,VN
CVE-2017-16031,semgrep,nivel_3,trecho,761-761,true,,FN,OK,true,VN
CVE-2017-16031,semgrep,nivel_4_generosa,trecho,761-761,true,,FN,OK,true,VN
CVE-2017-16031,semgrep,nivel_4_estrita,trecho,761-761,true,,FN,OK,true,VN
CVE-2017-16031,snyk-code,nivel_3,trecho,761-761,true,,FN,OK,true,VN
CVE-2017-16031,snyk-code,nivel_4_generosa,trecho,761-761,true,,FN,OK,true,VN
CVE-2017-16031,snyk-code,nivel_4_estrita,trecho,761-761,true,,FN,OK,true,VN
CVE-2017-16034,codeql,nivel_3,inalterada,106,true,,FN,SEM_ACHADOS,true,VN
CVE-2017-16034,codeql,nivel_4_generosa,inalterada,106,true,,FN,SEM_ACHADOS,true,VN
CVE-2017-16034,codeql,nivel_4_estrita,inalterada,106,true,,FN,SEM_ACHADOS,true,VN
CVE-2017-16034,semgrep,nivel_3,inalterada,106,true,,FN,OK,true,VN
CVE-2017-16034,semgrep,nivel_4_generosa,inalterada,106,true,,FN,OK,true,VN
CVE-2017-16034,semgrep,nivel_4_estrita,inalterada,106,true,,FN,OK,true,VN
CVE-2017-16034,snyk-code,nivel_3,inalterada,106,true,,FN,OK,true,VN
CVE-2017-16034,snyk-code,nivel_4_generosa,inalterada,106,true,,FN,OK,true,VN
CVE-2017-16034,snyk-code,nivel_4_estrita,inalterada,106,true,,FN,OK,true,VN
CVE-2017-16042,codeql,nivel_3,trecho,286-288,true,,FN,OK,true,VN
CVE-2017-16042,codeql,nivel_4_generosa,trecho,286-288,true,,FN,OK,true,VN
CVE-2017-16042,codeql,nivel_4_estrita,trecho,286-288,true,,FN,OK,true,VN
CVE-2017-16042,semgrep,nivel_3,trecho,286-288,true,,FN,OK,true,VN
CVE-2017-16042,semgrep,nivel_4_generosa,trecho,286-288,true,,FN,OK,true,VN
CVE-2017-16042,semgrep,nivel_4_estrita,trecho,286-288,true,,FN,OK,true,VN
CVE-2017-16042,snyk-code,nivel_3,trecho,286-288,true,,FN,SEM_ACHADOS,true,VN
CVE-2017-16042,snyk-code,nivel_4_generosa,trecho,286-288,true,,FN,SEM_ACHADOS,true,VN
CVE-2017-16042,snyk-code,nivel_4_estrita,trecho,286-288,true,,FN,SEM_ACHADOS,true,VN
CVE-2017-16043,codeql,nivel_3,so_remocao,del:317,false,so_remocao,FN,OK,true,VN
CVE-2017-16043,codeql,nivel_4_generosa,so_remocao,del:317,false,so_remocao,FN,OK,true,VN
CVE-2017-16043,codeql,nivel_4_estrita,so_remocao,del:317,false,so_remocao,FN,OK,true,VN
CVE-2017-16043,semgrep,nivel_3,so_remocao,del:317,false,so_remocao,FN,OK,true,VN
CVE-2017-16043,semgrep,nivel_4_generosa,so_remocao,del:317,false,so_remocao,FN,OK,true,VN
CVE-2017-16043,semgrep,nivel_4_estrita,so_remocao,del:317,false,so_remocao,FN,OK,true,VN
CVE-2017-16043,snyk-code,nivel_3,so_remocao,del:317,false,so_remocao,FN,OK,true,VN
CVE-2017-16043,snyk-code,nivel_4_generosa,so_remocao,del:317,false,so_remocao,FN,OK,true,VN
CVE-2017-16043,snyk-code,nivel_4_estrita,so_remocao,del:317,false,so_remocao,FN,OK,true,VN
CVE-2017-16082,codeql,nivel_3,trecho,70-76,true,,VP,OK,true,VN
CVE-2017-16082,codeql,nivel_4_generosa,trecho,70-76,true,,VP,OK,true,VN
CVE-2017-16082,codeql,nivel_4_estrita,trecho,70-76,true,,VP,OK,true,VN
CVE-2017-16082,semgrep,nivel_3,trecho,70-76,true,,VP,OK,true,VN
CVE-2017-16082,semgrep,nivel_4_generosa,trecho,70-76,true,,VP,OK,true,VN
CVE-2017-16082,semgrep,nivel_4_estrita,trecho,70-76,true,,VP,OK,true,VN
CVE-2017-16082,snyk-code,nivel_3,trecho,70-76,true,,FN,OK,true,VN
CVE-2017-16082,snyk-code,nivel_4_generosa,trecho,70-76,true,,FN,OK,true,VN
CVE-2017-16082,snyk-code,nivel_4_estrita,trecho,70-76,true,,FN,OK,true,VN
CVE-2017-16083,codeql,nivel_3,inalterada,736,true,,FN,OK,true,VN
CVE-2017-16083,codeql,nivel_4_generosa,inalterada,736,true,,FN,OK,true,VN
CVE-2017-16083,codeql,nivel_4_estrita,inalterada,736,true,,FN,OK,true,VN
CVE-2017-16083,semgrep,nivel_3,inalterada,736,true,,FN,OK,true,VN
CVE-2017-16083,semgrep,nivel_4_generosa,inalterada,736,true,,FN,OK,true,VN
CVE-2017-16083,semgrep,nivel_4_estrita,inalterada,736,true,,FN,OK,true,VN
CVE-2017-16083,snyk-code,nivel_3,inalterada,736,true,,FN,OK,true,VN
CVE-2017-16083,snyk-code,nivel_4_generosa,inalterada,736,true,,FN,OK,true,VN
CVE-2017-16083,snyk-code,nivel_4_estrita,inalterada,736,true,,FN,OK,true,VN
CVE-2017-16084,codeql,nivel_3,inalterada,95,true,,FN,SEM_ACHADOS,true,VN
CVE-2017-16084,codeql,nivel_4_generosa,inalterada,95,true,,FN,SEM_ACHADOS,true,VN
CVE-2017-16084,codeql,nivel_4_estrita,inalterada,95,true,,FN,SEM_ACHADOS,true,VN
CVE-2017-16084,semgrep,nivel_3,inalterada,95,true,,FN,OK,true,VN
CVE-2017-16084,semgrep,nivel_4_generosa,inalterada,95,true,,FN,OK,true,VN
CVE-2017-16084,semgrep,nivel_4_estrita,inalterada,95,true,,FN,OK,true,VN
CVE-2017-16084,snyk-code,nivel_3,inalterada,95,true,,VP,OK,true,FP
CVE-2017-16084,snyk-code,nivel_4_generosa,inalterada,95,true,,FN,OK,true,VN
CVE-2017-16084,snyk-code,nivel_4_estrita,inalterada,95,true,,FN,OK,true,VN
CVE-2017-16087,codeql,nivel_3,trecho,32-32,true,,FN,SEM_ACHADOS,true,VN
CVE-2017-16087,codeql,nivel_4_generosa,trecho,32-32,true,,FN,SEM_ACHADOS,true,VN
CVE-2017-16087,codeql,nivel_4_estrita,trecho,32-32,true,,FN,SEM_ACHADOS,true,VN
CVE-2017-16087,semgrep,nivel_3,trecho,32-32,true,,FN,SEM_ACHADOS,true,VN
CVE-2017-16087,semgrep,nivel_4_generosa,trecho,32-32,true,,FN,SEM_ACHADOS,true,VN
CVE-2017-16087,semgrep,nivel_4_estrita,trecho,32-32,true,,FN,SEM_ACHADOS,true,VN
CVE-2017-16087,snyk-code,nivel_3,trecho,32-32,true,,FN,SEM_ACHADOS,true,VN
CVE-2017-16087,snyk-code,nivel_4_generosa,trecho,32-32,true,,FN,SEM_ACHADOS,true,VN
CVE-2017-16087,snyk-code,nivel_4_estrita,trecho,32-32,true,,FN,SEM_ACHADOS,true,VN
CVE-2017-16098,codeql,nivel_3,inalterada,44,true,,VP,SEM_ACHADOS,true,VN
CVE-2017-16098,codeql,nivel_4_generosa,inalterada,44,true,,VP,SEM_ACHADOS,true,VN
CVE-2017-16098,codeql,nivel_4_estrita,inalterada,44,true,,VP,SEM_ACHADOS,true,VN
CVE-2017-16098,semgrep,nivel_3,inalterada,44,true,,FN,SEM_ACHADOS,true,VN
CVE-2017-16098,semgrep,nivel_4_generosa,inalterada,44,true,,FN,SEM_ACHADOS,true,VN
CVE-2017-16098,semgrep,nivel_4_estrita,inalterada,44,true,,FN,SEM_ACHADOS,true,VN
CVE-2017-16098,snyk-code,nivel_3,inalterada,44,true,,FN,SEM_ACHADOS,true,VN
CVE-2017-16098,snyk-code,nivel_4_generosa,inalterada,44,true,,FN,SEM_ACHADOS,true,VN
CVE-2017-16098,snyk-code,nivel_4_estrita,inalterada,44,true,,FN,SEM_ACHADOS,true,VN
CVE-2017-16100,codeql,nivel_3,inalterada,33,true,,VP,OK,true,FP
CVE-2017-16100,codeql,nivel_4_generosa,inalterada,33,true,,VP,OK,true,FP
CVE-2017-16100,codeql,nivel_4_estrita,inalterada,33,true,,VP,OK,true,FP
CVE-2017-16100,semgrep,nivel_3,inalterada,33,true,,VP,OK,true,FP
CVE-2017-16100,semgrep,nivel_4_generosa,inalterada,33,true,,VP,OK,true,FP
CVE-2017-16100,semgrep,nivel_4_estrita,inalterada,33,true,,VP,OK,true,FP
CVE-2017-16100,snyk-code,nivel_3,inalterada,33,true,,FN,SEM_ACHADOS,true,VN
CVE-2017-16100,snyk-code,nivel_4_generosa,inalterada,33,true,,FN,SEM_ACHADOS,true,VN
CVE-2017-16100,snyk-code,nivel_4_estrita,inalterada,33,true,,FN,SEM_ACHADOS,true,VN
CVE-2017-16107,codeql,nivel_3,trecho,10-10,true,,VP,OK,true,VN
CVE-2017-16107,codeql,nivel_4_generosa,trecho,10-10,true,,VP,OK,true,VN
CVE-2017-16107,codeql,nivel_4_estrita,trecho,10-10,true,,VP,OK,true,VN
CVE-2017-16107,semgrep,nivel_3,trecho,10-10,true,,FN,SEM_ACHADOS,true,VN
CVE-2017-16107,semgrep,nivel_4_generosa,trecho,10-10,true,,FN,SEM_ACHADOS,true,VN
CVE-2017-16107,semgrep,nivel_4_estrita,trecho,10-10,true,,FN,SEM_ACHADOS,true,VN
CVE-2017-16107,snyk-code,nivel_3,trecho,10-10,true,,VP,OK,true,FP
CVE-2017-16107,snyk-code,nivel_4_generosa,trecho,10-10,true,,VP,OK,true,VN
CVE-2017-16107,snyk-code,nivel_4_estrita,trecho,10-10,true,,FN,OK,true,VN
CVE-2017-16114,codeql,nivel_3,trecho,459-459,true,,VP,OK,true,FP
CVE-2017-16114,codeql,nivel_4_generosa,trecho,459-459,true,,VP,OK,true,FP
CVE-2017-16114,codeql,nivel_4_estrita,trecho,459-459,true,,VP,OK,true,FP
CVE-2017-16114,semgrep,nivel_3,trecho,459-459,true,,FN,OK,true,VN
CVE-2017-16114,semgrep,nivel_4_generosa,trecho,459-459,true,,FN,OK,true,VN
CVE-2017-16114,semgrep,nivel_4_estrita,trecho,459-459,true,,FN,OK,true,VN
CVE-2017-16114,snyk-code,nivel_3,trecho,459-459,true,,FN,OK,true,VN
CVE-2017-16114,snyk-code,nivel_4_generosa,trecho,459-459,true,,FN,OK,true,VN
CVE-2017-16114,snyk-code,nivel_4_estrita,trecho,459-459,true,,FN,OK,true,VN
CVE-2017-16117,codeql,nivel_3,trecho,64-64,true,,VP,SEM_ACHADOS,true,VN
CVE-2017-16117,codeql,nivel_4_generosa,trecho,64-64,true,,VP,SEM_ACHADOS,true,VN
CVE-2017-16117,codeql,nivel_4_estrita,trecho,64-64,true,,VP,SEM_ACHADOS,true,VN
CVE-2017-16117,semgrep,nivel_3,trecho,64-64,true,,FN,OK,true,VN
CVE-2017-16117,semgrep,nivel_4_generosa,trecho,64-64,true,,FN,OK,true,VN
CVE-2017-16117,semgrep,nivel_4_estrita,trecho,64-64,true,,FN,OK,true,VN
CVE-2017-16117,snyk-code,nivel_3,trecho,64-64,true,,FN,SEM_ACHADOS,true,VN
CVE-2017-16117,snyk-code,nivel_4_generosa,trecho,64-64,true,,FN,SEM_ACHADOS,true,VN
CVE-2017-16117,snyk-code,nivel_4_estrita,trecho,64-64,true,,FN,SEM_ACHADOS,true,VN
CVE-2017-16118,codeql,nivel_3,so_remocao,del:9,false,so_remocao,FN,SEM_ACHADOS,true,VN
CVE-2017-16118,codeql,nivel_4_generosa,so_remocao,del:9,false,so_remocao,FN,SEM_ACHADOS,true,VN
CVE-2017-16118,codeql,nivel_4_estrita,so_remocao,del:9,false,so_remocao,FN,SEM_ACHADOS,true,VN
CVE-2017-16118,semgrep,nivel_3,so_remocao,del:9,false,so_remocao,FN,SEM_ACHADOS,true,VN
CVE-2017-16118,semgrep,nivel_4_generosa,so_remocao,del:9,false,so_remocao,FN,SEM_ACHADOS,true,VN
CVE-2017-16118,semgrep,nivel_4_estrita,so_remocao,del:9,false,so_remocao,FN,SEM_ACHADOS,true,VN
CVE-2017-16118,snyk-code,nivel_3,so_remocao,del:9,false,so_remocao,FN,SEM_ACHADOS,true,VN
CVE-2017-16118,snyk-code,nivel_4_generosa,so_remocao,del:9,false,so_remocao,FN,SEM_ACHADOS,true,VN
CVE-2017-16118,snyk-code,nivel_4_estrita,so_remocao,del:9,false,so_remocao,FN,SEM_ACHADOS,true,VN
CVE-2017-16119,codeql,nivel_3,so_remocao,del:17,false,so_remocao,FN,SEM_ACHADOS,true,VN
CVE-2017-16119,codeql,nivel_4_generosa,so_remocao,del:17,false,so_remocao,FN,SEM_ACHADOS,true,VN
CVE-2017-16119,codeql,nivel_4_estrita,so_remocao,del:17,false,so_remocao,FN,SEM_ACHADOS,true,VN
CVE-2017-16119,semgrep,nivel_3,so_remocao,del:17,false,so_remocao,FN,OK,true,VN
CVE-2017-16119,semgrep,nivel_4_generosa,so_remocao,del:17,false,so_remocao,FN,OK,true,VN
CVE-2017-16119,semgrep,nivel_4_estrita,so_remocao,del:17,false,so_remocao,FN,OK,true,VN
CVE-2017-16119,snyk-code,nivel_3,so_remocao,del:17,false,so_remocao,FN,SEM_ACHADOS,true,VN
CVE-2017-16119,snyk-code,nivel_4_generosa,so_remocao,del:17,false,so_remocao,FN,SEM_ACHADOS,true,VN
CVE-2017-16119,snyk-code,nivel_4_estrita,so_remocao,del:17,false,so_remocao,FN,SEM_ACHADOS,true,VN
CVE-2017-16136,codeql,nivel_3,trecho,127-132,true,,FN,OK,true,VN
CVE-2017-16136,codeql,nivel_4_generosa,trecho,127-132,true,,FN,OK,true,VN
CVE-2017-16136,codeql,nivel_4_estrita,trecho,127-132,true,,FN,OK,true,VN
CVE-2017-16136,semgrep,nivel_3,trecho,127-132,true,,FN,SEM_ACHADOS,true,VN
CVE-2017-16136,semgrep,nivel_4_generosa,trecho,127-132,true,,FN,SEM_ACHADOS,true,VN
CVE-2017-16136,semgrep,nivel_4_estrita,trecho,127-132,true,,FN,SEM_ACHADOS,true,VN
CVE-2017-16136,snyk-code,nivel_3,trecho,127-132,true,,FN,OK,true,VN
CVE-2017-16136,snyk-code,nivel_4_generosa,trecho,127-132,true,,FN,OK,true,VN
CVE-2017-16136,snyk-code,nivel_4_estrita,trecho,127-132,true,,FN,OK,true,VN
CVE-2017-16137,codeql,nivel_3,trecho,86-88,true,,VP,OK,true,VN
CVE-2017-16137,codeql,nivel_4_generosa,trecho,86-88,true,,VP,OK,true,VN
CVE-2017-16137,codeql,nivel_4_estrita,trecho,86-88,true,,VP,OK,true,VN
CVE-2017-16137,semgrep,nivel_3,trecho,86-88,true,,FN,OK,true,VN
CVE-2017-16137,semgrep,nivel_4_generosa,trecho,86-88,true,,FN,OK,true,VN
CVE-2017-16137,semgrep,nivel_4_estrita,trecho,86-88,true,,FN,OK,true,VN
CVE-2017-16137,snyk-code,nivel_3,trecho,86-88,true,,FN,OK,true,VN
CVE-2017-16137,snyk-code,nivel_4_generosa,trecho,86-88,true,,FN,OK,true,VN
CVE-2017-16137,snyk-code,nivel_4_estrita,trecho,86-88,true,,FN,OK,true,VN
CVE-2017-16138,codeql,nivel_3,trecho,50-51,true,,VP,SEM_ACHADOS,true,VN
CVE-2017-16138,codeql,nivel_4_generosa,trecho,50-51,true,,VP,SEM_ACHADOS,true,VN
CVE-2017-16138,codeql,nivel_4_estrita,trecho,50-51,true,,VP,SEM_ACHADOS,true,VN
CVE-2017-16138,semgrep,nivel_3,trecho,50-51,true,,FN,SEM_ACHADOS,true,VN
CVE-2017-16138,semgrep,nivel_4_generosa,trecho,50-51,true,,FN,SEM_ACHADOS,true,VN
CVE-2017-16138,semgrep,nivel_4_estrita,trecho,50-51,true,,FN,SEM_ACHADOS,true,VN
CVE-2017-16138,snyk-code,nivel_3,trecho,50-51,true,,FN,SEM_ACHADOS,true,VN
CVE-2017-16138,snyk-code,nivel_4_generosa,trecho,50-51,true,,FN,SEM_ACHADOS,true,VN
CVE-2017-16138,snyk-code,nivel_4_estrita,trecho,50-51,true,,FN,SEM_ACHADOS,true,VN
CVE-2017-16224,codeql,nivel_3,inalterada,354,true,,VP,OK,true,VN
CVE-2017-16224,codeql,nivel_4_generosa,inalterada,354,true,,VP,OK,true,VN
CVE-2017-16224,codeql,nivel_4_estrita,inalterada,354,true,,VP,OK,true,VN
CVE-2017-16224,semgrep,nivel_3,inalterada,354,true,,FN,OK,true,VN
CVE-2017-16224,semgrep,nivel_4_generosa,inalterada,354,true,,FN,OK,true,VN
CVE-2017-16224,semgrep,nivel_4_estrita,inalterada,354,true,,FN,OK,true,VN
CVE-2017-16224,snyk-code,nivel_3,inalterada,354,true,,FN,OK,true,VN
CVE-2017-16224,snyk-code,nivel_4_generosa,inalterada,354,true,,FN,OK,true,VN
CVE-2017-16224,snyk-code,nivel_4_estrita,inalterada,354,true,,FN,OK,true,VN
CVE-2017-16226,codeql,nivel_3,inalterada,151,true,,FN,SEM_ACHADOS,true,VN
CVE-2017-16226,codeql,nivel_4_generosa,inalterada,151,true,,FN,SEM_ACHADOS,true,VN
CVE-2017-16226,codeql,nivel_4_estrita,inalterada,151,true,,FN,SEM_ACHADOS,true,VN
CVE-2017-16226,semgrep,nivel_3,inalterada,151,true,,FN,SEM_ACHADOS,true,VN
CVE-2017-16226,semgrep,nivel_4_generosa,inalterada,151,true,,FN,SEM_ACHADOS,true,VN
CVE-2017-16226,semgrep,nivel_4_estrita,inalterada,151,true,,FN,SEM_ACHADOS,true,VN
CVE-2017-16226,snyk-code,nivel_3,inalterada,151,true,,FN,SEM_ACHADOS,true,VN
CVE-2017-16226,snyk-code,nivel_4_generosa,inalterada,151,true,,FN,SEM_ACHADOS,true,VN
CVE-2017-16226,snyk-code,nivel_4_estrita,inalterada,151,true,,FN,SEM_ACHADOS,true,VN
CVE-2017-16877,codeql,nivel_3,inalterada,218,true,,FN,OK,true,VN
CVE-2017-16877,codeql,nivel_4_generosa,inalterada,218,true,,FN,OK,true,VN
CVE-2017-16877,codeql,nivel_4_estrita,inalterada,218,true,,FN,OK,true,VN
CVE-2017-16877,semgrep,nivel_3,inalterada,218,true,,FN,OK,true,VN
CVE-2017-16877,semgrep,nivel_4_generosa,inalterada,218,true,,FN,OK,true,VN
CVE-2017-16877,semgrep,nivel_4_estrita,inalterada,218,true,,FN,OK,true,VN
CVE-2017-16877,snyk-code,nivel_3,inalterada,218,true,,FN,OK,true,VN
CVE-2017-16877,snyk-code,nivel_4_generosa,inalterada,218,true,,FN,OK,true,VN
CVE-2017-16877,snyk-code,nivel_4_estrita,inalterada,218,true,,FN,OK,true,VN
CVE-2017-17461,codeql,nivel_3,trecho,456-456,true,,FN,OK,true,VN
CVE-2017-17461,codeql,nivel_4_generosa,trecho,456-456,true,,FN,OK,true,VN
CVE-2017-17461,codeql,nivel_4_estrita,trecho,456-456,true,,FN,OK,true,VN
CVE-2017-17461,semgrep,nivel_3,trecho,456-456,true,,FN,OK,true,VN
CVE-2017-17461,semgrep,nivel_4_generosa,trecho,456-456,true,,FN,OK,true,VN
CVE-2017-17461,semgrep,nivel_4_estrita,trecho,456-456,true,,FN,OK,true,VN
CVE-2017-17461,snyk-code,nivel_3,trecho,456-456,true,,FN,OK,true,VN
CVE-2017-17461,snyk-code,nivel_4_generosa,trecho,456-456,true,,FN,OK,true,VN
CVE-2017-17461,snyk-code,nivel_4_estrita,trecho,456-456,true,,FN,OK,true,VN
CVE-2017-18077,codeql,nivel_3,trecho,109-109,true,,VP,SEM_ACHADOS,true,VN
CVE-2017-18077,codeql,nivel_4_generosa,trecho,109-109,true,,VP,SEM_ACHADOS,true,VN
CVE-2017-18077,codeql,nivel_4_estrita,trecho,109-109,true,,VP,SEM_ACHADOS,true,VN
CVE-2017-18077,semgrep,nivel_3,trecho,109-109,true,,FN,SEM_ACHADOS,true,VN
CVE-2017-18077,semgrep,nivel_4_generosa,trecho,109-109,true,,FN,SEM_ACHADOS,true,VN
CVE-2017-18077,semgrep,nivel_4_estrita,trecho,109-109,true,,FN,SEM_ACHADOS,true,VN
CVE-2017-18077,snyk-code,nivel_3,trecho,109-109,true,,FN,SEM_ACHADOS,true,VN
CVE-2017-18077,snyk-code,nivel_4_generosa,trecho,109-109,true,,FN,SEM_ACHADOS,true,VN
CVE-2017-18077,snyk-code,nivel_4_estrita,trecho,109-109,true,,FN,SEM_ACHADOS,true,VN
CVE-2017-18214,codeql,nivel_3,trecho,23-23,true,,FN,OK,true,VN
CVE-2017-18214,codeql,nivel_4_generosa,trecho,23-23,true,,FN,OK,true,VN
CVE-2017-18214,codeql,nivel_4_estrita,trecho,23-23,true,,FN,OK,true,VN
CVE-2017-18214,semgrep,nivel_3,trecho,23-23,true,,FN,OK,true,VN
CVE-2017-18214,semgrep,nivel_4_generosa,trecho,23-23,true,,FN,OK,true,VN
CVE-2017-18214,semgrep,nivel_4_estrita,trecho,23-23,true,,FN,OK,true,VN
CVE-2017-18214,snyk-code,nivel_3,trecho,23-23,true,,FN,SEM_ACHADOS,true,VN
CVE-2017-18214,snyk-code,nivel_4_generosa,trecho,23-23,true,,FN,SEM_ACHADOS,true,VN
CVE-2017-18214,snyk-code,nivel_4_estrita,trecho,23-23,true,,FN,SEM_ACHADOS,true,VN
CVE-2017-18352,codeql,nivel_3,trecho,111-112,true,,VP,OK,true,VN
CVE-2017-18352,codeql,nivel_4_generosa,trecho,111-112,true,,VP,OK,true,VN
CVE-2017-18352,codeql,nivel_4_estrita,trecho,111-112,true,,VP,OK,true,VN
CVE-2017-18352,semgrep,nivel_3,trecho,111-112,true,,FN,OK,true,VN
CVE-2017-18352,semgrep,nivel_4_generosa,trecho,111-112,true,,FN,OK,true,VN
CVE-2017-18352,semgrep,nivel_4_estrita,trecho,111-112,true,,FN,OK,true,VN
CVE-2017-18352,snyk-code,nivel_3,trecho,111-112,true,,VP,OK,true,VN
CVE-2017-18352,snyk-code,nivel_4_generosa,trecho,111-112,true,,VP,OK,true,VN
CVE-2017-18352,snyk-code,nivel_4_estrita,trecho,111-112,true,,VP,OK,true,VN
CVE-2017-18353,codeql,nivel_3,trecho,133-134,true,,VP,OK,true,VN
CVE-2017-18353,codeql,nivel_4_generosa,trecho,133-134,true,,VP,OK,true,VN
CVE-2017-18353,codeql,nivel_4_estrita,trecho,133-134,true,,VP,OK,true,VN
CVE-2017-18353,semgrep,nivel_3,trecho,133-134,true,,FN,OK,true,VN
CVE-2017-18353,semgrep,nivel_4_generosa,trecho,133-134,true,,FN,OK,true,VN
CVE-2017-18353,semgrep,nivel_4_estrita,trecho,133-134,true,,FN,OK,true,VN
CVE-2017-18353,snyk-code,nivel_3,trecho,133-134,true,,FN,OK,true,VN
CVE-2017-18353,snyk-code,nivel_4_generosa,trecho,133-134,true,,FN,OK,true,VN
CVE-2017-18353,snyk-code,nivel_4_estrita,trecho,133-134,true,,FN,OK,true,VN
CVE-2017-18354,codeql,nivel_3,inalterada,74,true,,VP,OK,true,FP
CVE-2017-18354,codeql,nivel_4_generosa,inalterada,74,true,,VP,OK,true,FP
CVE-2017-18354,codeql,nivel_4_estrita,inalterada,74,true,,VP,OK,true,FP
CVE-2017-18354,semgrep,nivel_3,inalterada,74,true,,VP,OK,true,FP
CVE-2017-18354,semgrep,nivel_4_generosa,inalterada,74,true,,VP,OK,true,FP
CVE-2017-18354,semgrep,nivel_4_estrita,inalterada,74,true,,VP,OK,true,FP
CVE-2017-18354,snyk-code,nivel_3,inalterada,74,true,,FN,OK,true,VN
CVE-2017-18354,snyk-code,nivel_4_generosa,inalterada,74,true,,FN,OK,true,VN
CVE-2017-18354,snyk-code,nivel_4_estrita,inalterada,74,true,,FN,OK,true,VN
CVE-2017-18355,codeql,nivel_3,inalterada,74,true,,VP,OK,true,FP
CVE-2017-18355,codeql,nivel_4_generosa,inalterada,74,true,,FN,OK,true,VN
CVE-2017-18355,codeql,nivel_4_estrita,inalterada,74,true,,FN,OK,true,VN
CVE-2017-18355,semgrep,nivel_3,inalterada,74,true,,VP,OK,true,FP
CVE-2017-18355,semgrep,nivel_4_generosa,inalterada,74,true,,FN,OK,true,VN
CVE-2017-18355,semgrep,nivel_4_estrita,inalterada,74,true,,FN,OK,true,VN
CVE-2017-18355,snyk-code,nivel_3,inalterada,74,true,,FN,OK,true,VN
CVE-2017-18355,snyk-code,nivel_4_generosa,inalterada,74,true,,FN,OK,true,VN
CVE-2017-18355,snyk-code,nivel_4_estrita,inalterada,74,true,,FN,OK,true,VN
CVE-2017-18635,codeql,nivel_3,trecho,534-534,true,,FN,OK,true,VN
CVE-2017-18635,codeql,nivel_4_generosa,trecho,534-534,true,,FN,OK,true,VN
CVE-2017-18635,codeql,nivel_4_estrita,trecho,534-534,true,,FN,OK,true,VN
CVE-2017-18635,semgrep,nivel_3,trecho,534-534,true,,FN,OK,true,VN
CVE-2017-18635,semgrep,nivel_4_generosa,trecho,534-534,true,,FN,OK,true,VN
CVE-2017-18635,semgrep,nivel_4_estrita,trecho,534-534,true,,FN,OK,true,VN
CVE-2017-18635,snyk-code,nivel_3,trecho,534-534,true,,FN,OK,true,VN
CVE-2017-18635,snyk-code,nivel_4_generosa,trecho,534-534,true,,FN,OK,true,VN
CVE-2017-18635,snyk-code,nivel_4_estrita,trecho,534-534,true,,FN,OK,true,VN
CVE-2017-5954,codeql,nivel_3,trecho,32-34,true,,VP,OK,true,FP
CVE-2017-5954,codeql,nivel_4_generosa,trecho,32-34,true,,VP,OK,true,FP
CVE-2017-5954,codeql,nivel_4_estrita,trecho,32-34,true,,VP,OK,true,FP
CVE-2017-5954,semgrep,nivel_3,trecho,32-34,true,,FN,SEM_ACHADOS,true,VN
CVE-2017-5954,semgrep,nivel_4_generosa,trecho,32-34,true,,FN,SEM_ACHADOS,true,VN
CVE-2017-5954,semgrep,nivel_4_estrita,trecho,32-34,true,,FN,SEM_ACHADOS,true,VN
CVE-2017-5954,snyk-code,nivel_3,trecho,32-34,true,,FN,SEM_ACHADOS,true,VN
CVE-2017-5954,snyk-code,nivel_4_generosa,trecho,32-34,true,,FN,SEM_ACHADOS,true,VN
CVE-2017-5954,snyk-code,nivel_4_estrita,trecho,32-34,true,,FN,SEM_ACHADOS,true,VN
CVE-2018-1000086,codeql,nivel_3,inalterada,578,true,,FN,OK,true,VN
CVE-2018-1000086,codeql,nivel_4_generosa,inalterada,578,true,,FN,OK,true,VN
CVE-2018-1000086,codeql,nivel_4_estrita,inalterada,578,true,,FN,OK,true,VN
CVE-2018-1000086,semgrep,nivel_3,inalterada,578,true,,FN,OK,true,VN
CVE-2018-1000086,semgrep,nivel_4_generosa,inalterada,578,true,,FN,OK,true,VN
CVE-2018-1000086,semgrep,nivel_4_estrita,inalterada,578,true,,FN,OK,true,VN
CVE-2018-1000086,snyk-code,nivel_3,inalterada,578,true,,FN,OK,true,VN
CVE-2018-1000086,snyk-code,nivel_4_generosa,inalterada,578,true,,FN,OK,true,VN
CVE-2018-1000086,snyk-code,nivel_4_estrita,inalterada,578,true,,FN,OK,true,VN
CVE-2018-1000620,codeql,nivel_3,trecho,30-43,true,,VP,SEM_ACHADOS,true,VN
CVE-2018-1000620,codeql,nivel_4_generosa,trecho,30-43,true,,VP,SEM_ACHADOS,true,VN
CVE-2018-1000620,codeql,nivel_4_estrita,trecho,30-43,true,,VP,SEM_ACHADOS,true,VN
CVE-2018-1000620,semgrep,nivel_3,trecho,30-43,true,,FN,SEM_ACHADOS,true,VN
CVE-2018-1000620,semgrep,nivel_4_generosa,trecho,30-43,true,,FN,SEM_ACHADOS,true,VN
CVE-2018-1000620,semgrep,nivel_4_estrita,trecho,30-43,true,,FN,SEM_ACHADOS,true,VN
CVE-2018-1000620,snyk-code,nivel_3,trecho,30-43,true,,FN,SEM_ACHADOS,true,VN
CVE-2018-1000620,snyk-code,nivel_4_generosa,trecho,30-43,true,,FN,SEM_ACHADOS,true,VN
CVE-2018-1000620,snyk-code,nivel_4_estrita,trecho,30-43,true,,FN,SEM_ACHADOS,true,VN
CVE-2018-1002203,codeql,nivel_3,trecho,30-30,true,,FN,SEM_ACHADOS,true,VN
CVE-2018-1002203,codeql,nivel_4_generosa,trecho,30-30,true,,FN,SEM_ACHADOS,true,VN
CVE-2018-1002203,codeql,nivel_4_estrita,trecho,30-30,true,,FN,SEM_ACHADOS,true,VN
CVE-2018-1002203,semgrep,nivel_3,trecho,30-30,true,,VP,OK,true,VN
CVE-2018-1002203,semgrep,nivel_4_generosa,trecho,30-30,true,,VP,OK,true,VN
CVE-2018-1002203,semgrep,nivel_4_estrita,trecho,30-30,true,,VP,OK,true,VN
CVE-2018-1002203,snyk-code,nivel_3,trecho,30-30,true,,FN,SEM_ACHADOS,true,VN
CVE-2018-1002203,snyk-code,nivel_4_generosa,trecho,30-30,true,,FN,SEM_ACHADOS,true,VN
CVE-2018-1002203,snyk-code,nivel_4_estrita,trecho,30-30,true,,FN,SEM_ACHADOS,true,VN
CVE-2018-1002204,codeql,nivel_3,inalterada,109,true,,VP,OK,true,FP
CVE-2018-1002204,codeql,nivel_4_generosa,inalterada,109,true,,FN,OK,true,VN
CVE-2018-1002204,codeql,nivel_4_estrita,inalterada,109,true,,FN,OK,true,VN
CVE-2018-1002204,semgrep,nivel_3,inalterada,109,true,,FN,OK,true,VN
CVE-2018-1002204,semgrep,nivel_4_generosa,inalterada,109,true,,FN,OK,true,VN
CVE-2018-1002204,semgrep,nivel_4_estrita,inalterada,109,true,,FN,OK,true,VN
CVE-2018-1002204,snyk-code,nivel_3,inalterada,109,true,,FN,SEM_ACHADOS,true,VN
CVE-2018-1002204,snyk-code,nivel_4_generosa,inalterada,109,true,,FN,SEM_ACHADOS,true,VN
CVE-2018-1002204,snyk-code,nivel_4_estrita,inalterada,109,true,,FN,SEM_ACHADOS,true,VN
CVE-2018-11093,codeql,nivel_3,trecho,211-211,true,,FN,SEM_ACHADOS,true,VN
CVE-2018-11093,codeql,nivel_4_generosa,trecho,211-211,true,,FN,SEM_ACHADOS,true,VN
CVE-2018-11093,codeql,nivel_4_estrita,trecho,211-211,true,,FN,SEM_ACHADOS,true,VN
CVE-2018-11093,semgrep,nivel_3,trecho,211-211,true,,FN,SEM_ACHADOS,true,VN
CVE-2018-11093,semgrep,nivel_4_generosa,trecho,211-211,true,,FN,SEM_ACHADOS,true,VN
CVE-2018-11093,semgrep,nivel_4_estrita,trecho,211-211,true,,FN,SEM_ACHADOS,true,VN
CVE-2018-11093,snyk-code,nivel_3,trecho,211-211,true,,FN,SEM_ACHADOS,true,VN
CVE-2018-11093,snyk-code,nivel_4_generosa,trecho,211-211,true,,FN,SEM_ACHADOS,true,VN
CVE-2018-11093,snyk-code,nivel_4_estrita,trecho,211-211,true,,FN,SEM_ACHADOS,true,VN
CVE-2018-11615,codeql,nivel_3,trecho,271-272,true,,VP,OK,true,VN
CVE-2018-11615,codeql,nivel_4_generosa,trecho,271-272,true,,VP,OK,true,VN
CVE-2018-11615,codeql,nivel_4_estrita,trecho,271-272,true,,VP,OK,true,VN
CVE-2018-11615,semgrep,nivel_3,trecho,271-272,true,,VP,OK,true,FP
CVE-2018-11615,semgrep,nivel_4_generosa,trecho,271-272,true,,FN,OK,true,VN
CVE-2018-11615,semgrep,nivel_4_estrita,trecho,271-272,true,,FN,OK,true,VN
CVE-2018-11615,snyk-code,nivel_3,trecho,271-272,true,,FN,OK,true,VN
CVE-2018-11615,snyk-code,nivel_4_generosa,trecho,271-272,true,,FN,OK,true,VN
CVE-2018-11615,snyk-code,nivel_4_estrita,trecho,271-272,true,,FN,OK,true,VN
CVE-2018-11798,codeql,nivel_3,inalterada,427,true,,VP,OK,true,VN
CVE-2018-11798,codeql,nivel_4_generosa,inalterada,427,true,,VP,OK,true,VN
CVE-2018-11798,codeql,nivel_4_estrita,inalterada,427,true,,VP,OK,true,VN
CVE-2018-11798,semgrep,nivel_3,inalterada,427,true,,FN,OK,true,VN
CVE-2018-11798,semgrep,nivel_4_generosa,inalterada,427,true,,FN,OK,true,VN
CVE-2018-11798,semgrep,nivel_4_estrita,inalterada,427,true,,FN,OK,true,VN
CVE-2018-11798,snyk-code,nivel_3,inalterada,427,true,,FN,OK,true,VN
CVE-2018-11798,snyk-code,nivel_4_generosa,inalterada,427,true,,FN,OK,true,VN
CVE-2018-11798,snyk-code,nivel_4_estrita,inalterada,427,true,,FN,OK,true,VN
CVE-2018-13797,codeql,nivel_3,trecho,4-4,true,,VP,OK,true,FP
CVE-2018-13797,codeql,nivel_4_generosa,trecho,4-4,true,,VP,OK,true,FP
CVE-2018-13797,codeql,nivel_4_estrita,trecho,4-4,true,,VP,OK,true,FP
CVE-2018-13797,semgrep,nivel_3,trecho,4-4,true,,FN,OK,true,VN
CVE-2018-13797,semgrep,nivel_4_generosa,trecho,4-4,true,,FN,OK,true,VN
CVE-2018-13797,semgrep,nivel_4_estrita,trecho,4-4,true,,FN,OK,true,VN
CVE-2018-13797,snyk-code,nivel_3,trecho,4-4,true,,FN,SEM_ACHADOS,true,VN
CVE-2018-13797,snyk-code,nivel_4_generosa,trecho,4-4,true,,FN,SEM_ACHADOS,true,VN
CVE-2018-13797,snyk-code,nivel_4_estrita,trecho,4-4,true,,FN,SEM_ACHADOS,true,VN
CVE-2018-13863,codeql,nivel_3,inalterada,5,true,,FN,OK,true,VN
CVE-2018-13863,codeql,nivel_4_generosa,inalterada,5,true,,FN,OK,true,VN
CVE-2018-13863,codeql,nivel_4_estrita,inalterada,5,true,,FN,OK,true,VN
CVE-2018-13863,semgrep,nivel_3,inalterada,5,true,,FN,OK,true,VN
CVE-2018-13863,semgrep,nivel_4_generosa,inalterada,5,true,,FN,OK,true,VN
CVE-2018-13863,semgrep,nivel_4_estrita,inalterada,5,true,,FN,OK,true,VN
CVE-2018-13863,snyk-code,nivel_3,inalterada,5,true,,FN,OK,true,VN
CVE-2018-13863,snyk-code,nivel_4_generosa,inalterada,5,true,,FN,OK,true,VN
CVE-2018-13863,snyk-code,nivel_4_estrita,inalterada,5,true,,FN,OK,true,VN
CVE-2018-14040,codeql,nivel_3,trecho,140-140,true,,FN,OK,true,VN
CVE-2018-14040,codeql,nivel_4_generosa,trecho,140-140,true,,FN,OK,true,VN
CVE-2018-14040,codeql,nivel_4_estrita,trecho,140-140,true,,FN,OK,true,VN
CVE-2018-14040,semgrep,nivel_3,trecho,140-140,true,,FN,OK,true,VN
CVE-2018-14040,semgrep,nivel_4_generosa,trecho,140-140,true,,FN,OK,true,VN
CVE-2018-14040,semgrep,nivel_4_estrita,trecho,140-140,true,,FN,OK,true,VN
CVE-2018-14040,snyk-code,nivel_3,trecho,140-140,true,,FN,OK,true,VN
CVE-2018-14040,snyk-code,nivel_4_generosa,trecho,140-140,true,,FN,OK,true,VN
CVE-2018-14040,snyk-code,nivel_4_estrita,trecho,140-140,true,,FN,OK,true,VN
CVE-2018-14041,codeql,nivel_3,trecho,118-118,true,,FN,OK,true,VN
CVE-2018-14041,codeql,nivel_4_generosa,trecho,118-118,true,,FN,OK,true,VN
CVE-2018-14041,codeql,nivel_4_estrita,trecho,118-118,true,,FN,OK,true,VN
CVE-2018-14041,semgrep,nivel_3,trecho,118-118,true,,FN,OK,true,VN
CVE-2018-14041,semgrep,nivel_4_generosa,trecho,118-118,true,,FN,OK,true,VN
CVE-2018-14041,semgrep,nivel_4_estrita,trecho,118-118,true,,FN,OK,true,VN
CVE-2018-14041,snyk-code,nivel_3,trecho,118-118,true,,FN,OK,true,VN
CVE-2018-14041,snyk-code,nivel_4_generosa,trecho,118-118,true,,FN,OK,true,VN
CVE-2018-14041,snyk-code,nivel_4_estrita,trecho,118-118,true,,FN,OK,true,VN
CVE-2018-14042,codeql,nivel_3,trecho,207-207,true,,FN,OK,true,VN
CVE-2018-14042,codeql,nivel_4_generosa,trecho,207-207,true,,FN,OK,true,VN
CVE-2018-14042,codeql,nivel_4_estrita,trecho,207-207,true,,FN,OK,true,VN
CVE-2018-14042,semgrep,nivel_3,trecho,207-207,true,,FN,OK,true,VN
CVE-2018-14042,semgrep,nivel_4_generosa,trecho,207-207,true,,FN,OK,true,VN
CVE-2018-14042,semgrep,nivel_4_estrita,trecho,207-207,true,,FN,OK,true,VN
CVE-2018-14042,snyk-code,nivel_3,trecho,207-207,true,,FN,OK,true,VN
CVE-2018-14042,snyk-code,nivel_4_generosa,trecho,207-207,true,,FN,OK,true,VN
CVE-2018-14042,snyk-code,nivel_4_estrita,trecho,207-207,true,,FN,OK,true,VN
CVE-2018-14380,codeql,nivel_3,trecho,46-53,true,,FN,OK,true,VN
CVE-2018-14380,codeql,nivel_4_generosa,trecho,46-53,true,,FN,OK,true,VN
CVE-2018-14380,codeql,nivel_4_estrita,trecho,46-53,true,,FN,OK,true,VN
CVE-2018-14380,semgrep,nivel_3,trecho,46-53,true,,FN,OK,true,VN
CVE-2018-14380,semgrep,nivel_4_generosa,trecho,46-53,true,,FN,OK,true,VN
CVE-2018-14380,semgrep,nivel_4_estrita,trecho,46-53,true,,FN,OK,true,VN
CVE-2018-14380,snyk-code,nivel_3,trecho,46-53,true,,FN,OK,true,VN
CVE-2018-14380,snyk-code,nivel_4_generosa,trecho,46-53,true,,FN,OK,true,VN
CVE-2018-14380,snyk-code,nivel_4_estrita,trecho,46-53,true,,FN,OK,true,VN
CVE-2018-16460,codeql,nivel_3,so_remocao,del:15,false,so_remocao,VP,SEM_ACHADOS,true,VN
CVE-2018-16460,codeql,nivel_4_generosa,so_remocao,del:15,false,so_remocao,VP,SEM_ACHADOS,true,VN
CVE-2018-16460,codeql,nivel_4_estrita,so_remocao,del:15,false,so_remocao,VP,SEM_ACHADOS,true,VN
CVE-2018-16460,semgrep,nivel_3,so_remocao,del:15,false,so_remocao,VP,SEM_ACHADOS,true,VN
CVE-2018-16460,semgrep,nivel_4_generosa,so_remocao,del:15,false,so_remocao,VP,SEM_ACHADOS,true,VN
CVE-2018-16460,semgrep,nivel_4_estrita,so_remocao,del:15,false,so_remocao,VP,SEM_ACHADOS,true,VN
CVE-2018-16460,snyk-code,nivel_3,so_remocao,del:15,false,so_remocao,FN,SEM_ACHADOS,true,VN
CVE-2018-16460,snyk-code,nivel_4_generosa,so_remocao,del:15,false,so_remocao,FN,SEM_ACHADOS,true,VN
CVE-2018-16460,snyk-code,nivel_4_estrita,so_remocao,del:15,false,so_remocao,FN,SEM_ACHADOS,true,VN
CVE-2018-16461,codeql,nivel_3,trecho,125-126,true,,FN,OK,true,VN
CVE-2018-16461,codeql,nivel_4_generosa,trecho,125-126,true,,FN,OK,true,VN
CVE-2018-16461,codeql,nivel_4_estrita,trecho,125-126,true,,FN,OK,true,VN
CVE-2018-16461,semgrep,nivel_3,trecho,125-126,true,,FN,SEM_ACHADOS,true,VN
CVE-2018-16461,semgrep,nivel_4_generosa,trecho,125-126,true,,FN,SEM_ACHADOS,true,VN
CVE-2018-16461,semgrep,nivel_4_estrita,trecho,125-126,true,,FN,SEM_ACHADOS,true,VN
CVE-2018-16461,snyk-code,nivel_3,trecho,125-126,true,,FN,SEM_ACHADOS,true,VN
CVE-2018-16461,snyk-code,nivel_4_generosa,trecho,125-126,true,,FN,SEM_ACHADOS,true,VN
CVE-2018-16461,snyk-code,nivel_4_estrita,trecho,125-126,true,,FN,SEM_ACHADOS,true,VN
CVE-2018-16462,codeql,nivel_3,trecho,45-61,true,,FN,SEM_ACHADOS,true,VN
CVE-2018-16462,codeql,nivel_4_generosa,trecho,45-61,true,,FN,SEM_ACHADOS,true,VN
CVE-2018-16462,codeql,nivel_4_estrita,trecho,45-61,true,,FN,SEM_ACHADOS,true,VN
CVE-2018-16462,semgrep,nivel_3,trecho,45-61,true,,FN,OK,true,VN
CVE-2018-16462,semgrep,nivel_4_generosa,trecho,45-61,true,,FN,OK,true,VN
CVE-2018-16462,semgrep,nivel_4_estrita,trecho,45-61,true,,FN,OK,true,VN
CVE-2018-16462,snyk-code,nivel_3,trecho,45-61,true,,FN,SEM_ACHADOS,true,VN
CVE-2018-16462,snyk-code,nivel_4_generosa,trecho,45-61,true,,FN,SEM_ACHADOS,true,VN
CVE-2018-16462,snyk-code,nivel_4_estrita,trecho,45-61,true,,FN,SEM_ACHADOS,true,VN
CVE-2018-16472,codeql,nivel_3,inalterada,39,true,,FN,SEM_ACHADOS,true,VN
CVE-2018-16472,codeql,nivel_4_generosa,inalterada,39,true,,FN,SEM_ACHADOS,true,VN
CVE-2018-16472,codeql,nivel_4_estrita,inalterada,39,true,,nao_se_aplica,SEM_ACHADOS,true,nao_se_aplica
CVE-2018-16472,semgrep,nivel_3,inalterada,39,true,,FN,SEM_ACHADOS,true,VN
CVE-2018-16472,semgrep,nivel_4_generosa,inalterada,39,true,,FN,SEM_ACHADOS,true,VN
CVE-2018-16472,semgrep,nivel_4_estrita,inalterada,39,true,,nao_se_aplica,SEM_ACHADOS,true,nao_se_aplica
CVE-2018-16472,snyk-code,nivel_3,inalterada,39,true,,FN,SEM_ACHADOS,true,VN
CVE-2018-16472,snyk-code,nivel_4_generosa,inalterada,39,true,,FN,SEM_ACHADOS,true,VN
CVE-2018-16472,snyk-code,nivel_4_estrita,inalterada,39,true,,nao_se_aplica,SEM_ACHADOS,true,nao_se_aplica
CVE-2018-16478,codeql,nivel_3,trecho,87-99,true,,VP,OK,true,FP
CVE-2018-16478,codeql,nivel_4_generosa,trecho,87-99,true,,VP,OK,true,VN
CVE-2018-16478,codeql,nivel_4_estrita,trecho,87-99,true,,VP,OK,true,VN
CVE-2018-16478,semgrep,nivel_3,trecho,87-99,true,,FN,OK,true,VN
CVE-2018-16478,semgrep,nivel_4_generosa,trecho,87-99,true,,FN,OK,true,VN
CVE-2018-16478,semgrep,nivel_4_estrita,trecho,87-99,true,,FN,OK,true,VN
CVE-2018-16478,snyk-code,nivel_3,trecho,87-99,true,,VP,OK,true,FP
CVE-2018-16478,snyk-code,nivel_4_generosa,trecho,87-99,true,,VP,OK,true,FP
CVE-2018-16478,snyk-code,nivel_4_estrita,trecho,87-99,true,,FN,OK,true,VN
CVE-2018-16479,codeql,nivel_3,inalterada,96,true,,VP,OK,true,FP
CVE-2018-16479,codeql,nivel_4_generosa,inalterada,96,true,,VP,OK,true,FP
CVE-2018-16479,codeql,nivel_4_estrita,inalterada,96,true,,VP,OK,true,FP
CVE-2018-16479,semgrep,nivel_3,inalterada,96,true,,FN,OK,true,VN
CVE-2018-16479,semgrep,nivel_4_generosa,inalterada,96,true,,FN,OK,true,VN
CVE-2018-16479,semgrep,nivel_4_estrita,inalterada,96,true,,FN,OK,true,VN
CVE-2018-16479,snyk-code,nivel_3,inalterada,96,true,,FN,SEM_ARQUIVO_ANALISAVEL,false,sem_analise
CVE-2018-16479,snyk-code,nivel_4_generosa,inalterada,96,true,,FN,SEM_ARQUIVO_ANALISAVEL,false,sem_analise
CVE-2018-16479,snyk-code,nivel_4_estrita,inalterada,96,true,,FN,SEM_ARQUIVO_ANALISAVEL,false,sem_analise
CVE-2018-16480,codeql,nivel_3,inalterada,129,true,,VP,OK,true,FP
CVE-2018-16480,codeql,nivel_4_generosa,inalterada,129,true,,VP,OK,true,FP
CVE-2018-16480,codeql,nivel_4_estrita,inalterada,129,true,,VP,OK,true,FP
CVE-2018-16480,semgrep,nivel_3,inalterada,129,true,,FN,OK,true,VN
CVE-2018-16480,semgrep,nivel_4_generosa,inalterada,129,true,,FN,OK,true,VN
CVE-2018-16480,semgrep,nivel_4_estrita,inalterada,129,true,,FN,OK,true,VN
CVE-2018-16480,snyk-code,nivel_3,inalterada,129,true,,FN,SEM_ARQUIVO_ANALISAVEL,false,sem_analise
CVE-2018-16480,snyk-code,nivel_4_generosa,inalterada,129,true,,FN,SEM_ARQUIVO_ANALISAVEL,false,sem_analise
CVE-2018-16480,snyk-code,nivel_4_estrita,inalterada,129,true,,FN,SEM_ARQUIVO_ANALISAVEL,false,sem_analise
CVE-2018-16484,codeql,nivel_3,inalterada,39,true,,VP,OK,true,FP
CVE-2018-16484,codeql,nivel_4_generosa,inalterada,39,true,,VP,OK,true,FP
CVE-2018-16484,codeql,nivel_4_estrita,inalterada,39,true,,VP,OK,true,FP
CVE-2018-16484,semgrep,nivel_3,inalterada,39,true,,FN,OK,true,VN
CVE-2018-16484,semgrep,nivel_4_generosa,inalterada,39,true,,FN,OK,true,VN
CVE-2018-16484,semgrep,nivel_4_estrita,inalterada,39,true,,FN,OK,true,VN
CVE-2018-16484,snyk-code,nivel_3,inalterada,39,true,,VP,OK,true,FP
CVE-2018-16484,snyk-code,nivel_4_generosa,inalterada,39,true,,FN,OK,true,VN
CVE-2018-16484,snyk-code,nivel_4_estrita,inalterada,39,true,,FN,OK,true,VN
CVE-2018-16485,codeql,nivel_3,inalterada,18,true,,VP,OK,true,VN
CVE-2018-16485,codeql,nivel_4_generosa,inalterada,18,true,,VP,OK,true,VN
CVE-2018-16485,codeql,nivel_4_estrita,inalterada,18,true,,VP,OK,true,VN
CVE-2018-16485,semgrep,nivel_3,inalterada,18,true,,FN,OK,true,VN
CVE-2018-16485,semgrep,nivel_4_generosa,inalterada,18,true,,FN,OK,true,VN
CVE-2018-16485,semgrep,nivel_4_estrita,inalterada,18,true,,FN,OK,true,VN
CVE-2018-16485,snyk-code,nivel_3,inalterada,18,true,,VP,OK,true,FP
CVE-2018-16485,snyk-code,nivel_4_generosa,inalterada,18,true,,FN,OK,true,VN
CVE-2018-16485,snyk-code,nivel_4_estrita,inalterada,18,true,,FN,OK,true,VN
CVE-2018-16487,codeql,nivel_3,inalterada,2559,true,,VP,OK,true,FP
CVE-2018-16487,codeql,nivel_4_generosa,inalterada,2559,true,,VP,OK,true,FP
CVE-2018-16487,codeql,nivel_4_estrita,inalterada,2559,true,,VP,OK,true,FP
CVE-2018-16487,semgrep,nivel_3,inalterada,2559,true,,FN,OK,true,VN
CVE-2018-16487,semgrep,nivel_4_generosa,inalterada,2559,true,,FN,OK,true,VN
CVE-2018-16487,semgrep,nivel_4_estrita,inalterada,2559,true,,FN,OK,true,VN
CVE-2018-16487,snyk-code,nivel_3,inalterada,2559,true,,FN,OK,true,VN
CVE-2018-16487,snyk-code,nivel_4_generosa,inalterada,2559,true,,FN,OK,true,VN
CVE-2018-16487,snyk-code,nivel_4_estrita,inalterada,2559,true,,FN,OK,true,VN
CVE-2018-16489,codeql,nivel_3,trecho,50-50,true,,FN,OK,true,VN
CVE-2018-16489,codeql,nivel_4_generosa,trecho,50-50,true,,FN,OK,true,VN
CVE-2018-16489,codeql,nivel_4_estrita,trecho,50-50,true,,FN,OK,true,VN
CVE-2018-16489,semgrep,nivel_3,trecho,50-50,true,,FN,OK,true,VN
CVE-2018-16489,semgrep,nivel_4_generosa,trecho,50-50,true,,FN,OK,true,VN
CVE-2018-16489,semgrep,nivel_4_estrita,trecho,50-50,true,,FN,OK,true,VN
CVE-2018-16489,snyk-code,nivel_3,trecho,50-50,true,,FN,SEM_ACHADOS,true,VN
CVE-2018-16489,snyk-code,nivel_4_generosa,trecho,50-50,true,,FN,SEM_ACHADOS,true,VN
CVE-2018-16489,snyk-code,nivel_4_estrita,trecho,50-50,true,,FN,SEM_ACHADOS,true,VN
CVE-2018-16490,codeql,nivel_3,inalterada,284,true,,VP,OK,true,FP
CVE-2018-16490,codeql,nivel_4_generosa,inalterada,284,true,,VP,OK,true,FP
CVE-2018-16490,codeql,nivel_4_estrita,inalterada,284,true,,VP,OK,true,FP
CVE-2018-16490,semgrep,nivel_3,inalterada,284,true,,FN,OK,true,VN
CVE-2018-16490,semgrep,nivel_4_generosa,inalterada,284,true,,FN,OK,true,VN
CVE-2018-16490,semgrep,nivel_4_estrita,inalterada,284,true,,FN,OK,true,VN
CVE-2018-16490,snyk-code,nivel_3,inalterada,284,true,,FN,SEM_ACHADOS,true,VN
CVE-2018-16490,snyk-code,nivel_4_generosa,inalterada,284,true,,FN,SEM_ACHADOS,true,VN
CVE-2018-16490,snyk-code,nivel_4_estrita,inalterada,284,true,,FN,SEM_ACHADOS,true,VN
CVE-2018-16491,codeql,nivel_3,trecho,94-94,true,,FN,SEM_ACHADOS,true,VN
CVE-2018-16491,codeql,nivel_4_generosa,trecho,94-94,true,,FN,SEM_ACHADOS,true,VN
CVE-2018-16491,codeql,nivel_4_estrita,trecho,94-94,true,,FN,SEM_ACHADOS,true,VN
CVE-2018-16491,semgrep,nivel_3,trecho,94-94,true,,FN,OK,true,VN
CVE-2018-16491,semgrep,nivel_4_generosa,trecho,94-94,true,,FN,OK,true,VN
CVE-2018-16491,semgrep,nivel_4_estrita,trecho,94-94,true,,FN,OK,true,VN
CVE-2018-16491,snyk-code,nivel_3,trecho,94-94,true,,FN,SEM_ACHADOS,true,VN
CVE-2018-16491,snyk-code,nivel_4_generosa,trecho,94-94,true,,FN,SEM_ACHADOS,true,VN
CVE-2018-16491,snyk-code,nivel_4_estrita,trecho,94-94,true,,FN,SEM_ACHADOS,true,VN
CVE-2018-16492,codeql,nivel_3,trecho,108-108,true,,VP,SEM_ACHADOS,true,VN
CVE-2018-16492,codeql,nivel_4_generosa,trecho,108-108,true,,VP,SEM_ACHADOS,true,VN
CVE-2018-16492,codeql,nivel_4_estrita,trecho,108-108,true,,VP,SEM_ACHADOS,true,VN
CVE-2018-16492,semgrep,nivel_3,trecho,108-108,true,,FN,OK,true,VN
CVE-2018-16492,semgrep,nivel_4_generosa,trecho,108-108,true,,FN,OK,true,VN
CVE-2018-16492,semgrep,nivel_4_estrita,trecho,108-108,true,,FN,OK,true,VN
CVE-2018-16492,snyk-code,nivel_3,trecho,108-108,true,,FN,SEM_ACHADOS,true,VN
CVE-2018-16492,snyk-code,nivel_4_generosa,trecho,108-108,true,,FN,SEM_ACHADOS,true,VN
CVE-2018-16492,snyk-code,nivel_4_estrita,trecho,108-108,true,,FN,SEM_ACHADOS,true,VN
CVE-2018-18282,codeql,nivel_3,trecho,189-190,true,,VP,OK,true,VN
CVE-2018-18282,codeql,nivel_4_generosa,trecho,189-190,true,,VP,OK,true,VN
CVE-2018-18282,codeql,nivel_4_estrita,trecho,189-190,true,,VP,OK,true,VN
CVE-2018-18282,semgrep,nivel_3,trecho,189-190,true,,FN,OK,true,VN
CVE-2018-18282,semgrep,nivel_4_generosa,trecho,189-190,true,,FN,OK,true,VN
CVE-2018-18282,semgrep,nivel_4_estrita,trecho,189-190,true,,FN,OK,true,VN
CVE-2018-18282,snyk-code,nivel_3,trecho,189-190,true,,FN,OK,true,VN
CVE-2018-18282,snyk-code,nivel_4_generosa,trecho,189-190,true,,FN,OK,true,VN
CVE-2018-18282,snyk-code,nivel_4_estrita,trecho,189-190,true,,FN,OK,true,VN
CVE-2018-19048,codeql,nivel_3,trecho,2652-2652,true,,VP,OK,true,VN
CVE-2018-19048,codeql,nivel_4_generosa,trecho,2652-2652,true,,VP,OK,true,VN
CVE-2018-19048,codeql,nivel_4_estrita,trecho,2652-2652,true,,VP,OK,true,VN
CVE-2018-19048,semgrep,nivel_3,trecho,2652-2652,true,,FN,OK,true,VN
CVE-2018-19048,semgrep,nivel_4_generosa,trecho,2652-2652,true,,FN,OK,true,VN
CVE-2018-19048,semgrep,nivel_4_estrita,trecho,2652-2652,true,,FN,OK,true,VN
CVE-2018-19048,snyk-code,nivel_3,trecho,2652-2652,true,,FN,OK,true,VN
CVE-2018-19048,snyk-code,nivel_4_generosa,trecho,2652-2652,true,,FN,OK,true,VN
CVE-2018-19048,snyk-code,nivel_4_estrita,trecho,2652-2652,true,,FN,OK,true,VN
CVE-2018-20164,codeql,nivel_3,trecho,911-911,true,,FN,SEM_ACHADOS,true,VN
CVE-2018-20164,codeql,nivel_4_generosa,trecho,911-911,true,,FN,SEM_ACHADOS,true,VN
CVE-2018-20164,codeql,nivel_4_estrita,trecho,911-911,true,,FN,SEM_ACHADOS,true,VN
CVE-2018-20164,semgrep,nivel_3,trecho,911-911,true,,FN,SEM_ACHADOS,true,VN
CVE-2018-20164,semgrep,nivel_4_generosa,trecho,911-911,true,,FN,SEM_ACHADOS,true,VN
CVE-2018-20164,semgrep,nivel_4_estrita,trecho,911-911,true,,FN,SEM_ACHADOS,true,VN
CVE-2018-20164,snyk-code,nivel_3,trecho,911-911,true,,FN,SEM_ACHADOS,true,VN
CVE-2018-20164,snyk-code,nivel_4_generosa,trecho,911-911,true,,FN,SEM_ACHADOS,true,VN
CVE-2018-20164,snyk-code,nivel_4_estrita,trecho,911-911,true,,FN,SEM_ACHADOS,true,VN
CVE-2018-20676,codeql,nivel_3,trecho,54-54,true,,VP,OK,true,VN
CVE-2018-20676,codeql,nivel_4_generosa,trecho,54-54,true,,VP,OK,true,VN
CVE-2018-20676,codeql,nivel_4_estrita,trecho,54-54,true,,VP,OK,true,VN
CVE-2018-20676,semgrep,nivel_3,trecho,54-54,true,,FN,OK,true,VN
CVE-2018-20676,semgrep,nivel_4_generosa,trecho,54-54,true,,FN,OK,true,VN
CVE-2018-20676,semgrep,nivel_4_estrita,trecho,54-54,true,,FN,OK,true,VN
CVE-2018-20676,snyk-code,nivel_3,trecho,54-54,true,,FN,OK,true,VN
CVE-2018-20676,snyk-code,nivel_4_generosa,trecho,54-54,true,,FN,OK,true,VN
CVE-2018-20676,snyk-code,nivel_4_estrita,trecho,54-54,true,,FN,OK,true,VN
CVE-2018-20677,codeql,nivel_3,trecho,19-21,true,,VP,OK,true,VN
CVE-2018-20677,codeql,nivel_4_generosa,trecho,19-21,true,,VP,OK,true,VN
CVE-2018-20677,codeql,nivel_4_estrita,trecho,19-21,true,,VP,OK,true,VN
CVE-2018-20677,semgrep,nivel_3,trecho,19-21,true,,FN,OK,true,VN
CVE-2018-20677,semgrep,nivel_4_generosa,trecho,19-21,true,,FN,OK,true,VN
CVE-2018-20677,semgrep,nivel_4_estrita,trecho,19-21,true,,FN,OK,true,VN
CVE-2018-20677,snyk-code,nivel_3,trecho,19-21,true,,FN,OK,true,VN
CVE-2018-20677,snyk-code,nivel_4_generosa,trecho,19-21,true,,FN,OK,true,VN
CVE-2018-20677,snyk-code,nivel_4_estrita,trecho,19-21,true,,FN,OK,true,VN
CVE-2018-20801,codeql,nivel_3,so_remocao,del:2444,false,so_remocao,FN,OK,true,VN
CVE-2018-20801,codeql,nivel_4_generosa,so_remocao,del:2444,false,so_remocao,FN,OK,true,VN
CVE-2018-20801,codeql,nivel_4_estrita,so_remocao,del:2444,false,so_remocao,FN,OK,true,VN
CVE-2018-20801,semgrep,nivel_3,so_remocao,del:2444,false,so_remocao,FN,OK,true,VN
CVE-2018-20801,semgrep,nivel_4_generosa,so_remocao,del:2444,false,so_remocao,FN,OK,true,VN
CVE-2018-20801,semgrep,nivel_4_estrita,so_remocao,del:2444,false,so_remocao,FN,OK,true,VN
CVE-2018-20801,snyk-code,nivel_3,so_remocao,del:2444,false,so_remocao,FN,OK,true,VN
CVE-2018-20801,snyk-code,nivel_4_generosa,so_remocao,del:2444,false,so_remocao,FN,OK,true,VN
CVE-2018-20801,snyk-code,nivel_4_estrita,so_remocao,del:2444,false,so_remocao,FN,OK,true,VN
CVE-2018-20834,codeql,nivel_3,inalterada,415,true,,FN,OK,true,VN
CVE-2018-20834,codeql,nivel_4_generosa,inalterada,415,true,,FN,OK,true,VN
CVE-2018-20834,codeql,nivel_4_estrita,inalterada,415,true,,FN,OK,true,VN
CVE-2018-20834,semgrep,nivel_3,inalterada,415,true,,FN,OK,true,VN
CVE-2018-20834,semgrep,nivel_4_generosa,inalterada,415,true,,FN,OK,true,VN
CVE-2018-20834,semgrep,nivel_4_estrita,inalterada,415,true,,FN,OK,true,VN
CVE-2018-20834,snyk-code,nivel_3,inalterada,415,true,,FN,OK,true,VN
CVE-2018-20834,snyk-code,nivel_4_generosa,inalterada,415,true,,FN,OK,true,VN
CVE-2018-20834,snyk-code,nivel_4_estrita,inalterada,415,true,,FN,OK,true,VN
CVE-2018-20835,codeql,nivel_3,inalterada,266,true,,FN,OK,true,VN
CVE-2018-20835,codeql,nivel_4_generosa,inalterada,266,true,,FN,OK,true,VN
CVE-2018-20835,codeql,nivel_4_estrita,inalterada,266,true,,FN,OK,true,VN
CVE-2018-20835,semgrep,nivel_3,inalterada,266,true,,FN,OK,true,VN
CVE-2018-20835,semgrep,nivel_4_generosa,inalterada,266,true,,FN,OK,true,VN
CVE-2018-20835,semgrep,nivel_4_estrita,inalterada,266,true,,FN,OK,true,VN
CVE-2018-20835,snyk-code,nivel_3,inalterada,266,true,,VP,OK,true,FP
CVE-2018-20835,snyk-code,nivel_4_generosa,inalterada,266,true,,VP,OK,true,FP
CVE-2018-20835,snyk-code,nivel_4_estrita,inalterada,266,true,,VP,OK,true,FP
CVE-2018-21036,codeql,nivel_3,inalterada,253,true,,FN,SEM_ACHADOS,true,VN
CVE-2018-21036,codeql,nivel_4_generosa,inalterada,253,true,,FN,SEM_ACHADOS,true,VN
CVE-2018-21036,codeql,nivel_4_estrita,inalterada,253,true,,FN,SEM_ACHADOS,true,VN
CVE-2018-21036,semgrep,nivel_3,inalterada,253,true,,FN,OK,true,VN
CVE-2018-21036,semgrep,nivel_4_generosa,inalterada,253,true,,FN,OK,true,VN
CVE-2018-21036,semgrep,nivel_4_estrita,inalterada,253,true,,FN,OK,true,VN
CVE-2018-21036,snyk-code,nivel_3,inalterada,253,true,,FN,OK,true,VN
CVE-2018-21036,snyk-code,nivel_4_generosa,inalterada,253,true,,FN,OK,true,VN
CVE-2018-21036,snyk-code,nivel_4_estrita,inalterada,253,true,,FN,OK,true,VN
CVE-2018-3712,codeql,nivel_3,inalterada,98,true,,VP,OK,true,FP
CVE-2018-3712,codeql,nivel_4_generosa,inalterada,98,true,,VP,OK,true,FP
CVE-2018-3712,codeql,nivel_4_estrita,inalterada,98,true,,VP,OK,true,FP
CVE-2018-3712,semgrep,nivel_3,inalterada,98,true,,FN,SEM_ACHADOS,true,VN
CVE-2018-3712,semgrep,nivel_4_generosa,inalterada,98,true,,FN,SEM_ACHADOS,true,VN
CVE-2018-3712,semgrep,nivel_4_estrita,inalterada,98,true,,FN,SEM_ACHADOS,true,VN
CVE-2018-3712,snyk-code,nivel_3,inalterada,98,true,,VP,OK,true,FP
CVE-2018-3712,snyk-code,nivel_4_generosa,inalterada,98,true,,FN,OK,true,VN
CVE-2018-3712,snyk-code,nivel_4_estrita,inalterada,98,true,,FN,OK,true,VN
CVE-2018-3713,codeql,nivel_3,inalterada,70,true,,FN,OK,true,VN
CVE-2018-3713,codeql,nivel_4_generosa,inalterada,70,true,,FN,OK,true,VN
CVE-2018-3713,codeql,nivel_4_estrita,inalterada,70,true,,FN,OK,true,VN
CVE-2018-3713,semgrep,nivel_3,inalterada,70,true,,FN,OK,true,VN
CVE-2018-3713,semgrep,nivel_4_generosa,inalterada,70,true,,FN,OK,true,VN
CVE-2018-3713,semgrep,nivel_4_estrita,inalterada,70,true,,FN,OK,true,VN
CVE-2018-3713,snyk-code,nivel_3,inalterada,70,true,,FN,OK,true,FP
CVE-2018-3713,snyk-code,nivel_4_generosa,inalterada,70,true,,FN,OK,true,FP
CVE-2018-3713,snyk-code,nivel_4_estrita,inalterada,70,true,,FN,OK,true,VN
CVE-2018-3718,codeql,nivel_3,inalterada,98,true,,VP,OK,true,FP
CVE-2018-3718,codeql,nivel_4_generosa,inalterada,98,true,,VP,OK,true,FP
CVE-2018-3718,codeql,nivel_4_estrita,inalterada,98,true,,VP,OK,true,FP
CVE-2018-3718,semgrep,nivel_3,inalterada,98,true,,FN,SEM_ACHADOS,true,VN
CVE-2018-3718,semgrep,nivel_4_generosa,inalterada,98,true,,FN,SEM_ACHADOS,true,VN
CVE-2018-3718,semgrep,nivel_4_estrita,inalterada,98,true,,FN,SEM_ACHADOS,true,VN
CVE-2018-3718,snyk-code,nivel_3,inalterada,98,true,,VP,OK,true,FP
CVE-2018-3718,snyk-code,nivel_4_generosa,inalterada,98,true,,FN,OK,true,VN
CVE-2018-3718,snyk-code,nivel_4_estrita,inalterada,98,true,,FN,OK,true,VN
CVE-2018-3719,codeql,nivel_3,inalterada,34,true,,VP,SEM_ACHADOS,true,VN
CVE-2018-3719,codeql,nivel_4_generosa,inalterada,34,true,,VP,SEM_ACHADOS,true,VN
CVE-2018-3719,codeql,nivel_4_estrita,inalterada,34,true,,VP,SEM_ACHADOS,true,VN
CVE-2018-3719,semgrep,nivel_3,inalterada,34,true,,FN,SEM_ACHADOS,true,VN
CVE-2018-3719,semgrep,nivel_4_generosa,inalterada,34,true,,FN,SEM_ACHADOS,true,VN
CVE-2018-3719,semgrep,nivel_4_estrita,inalterada,34,true,,FN,SEM_ACHADOS,true,VN
CVE-2018-3719,snyk-code,nivel_3,inalterada,34,true,,FN,SEM_ACHADOS,true,VN
CVE-2018-3719,snyk-code,nivel_4_generosa,inalterada,34,true,,FN,SEM_ACHADOS,true,VN
CVE-2018-3719,snyk-code,nivel_4_estrita,inalterada,34,true,,FN,SEM_ACHADOS,true,VN
CVE-2018-3721,codeql,nivel_3,inalterada,2594,true,,VP,OK,true,FP
CVE-2018-3721,codeql,nivel_4_generosa,inalterada,2594,true,,VP,OK,true,FP
CVE-2018-3721,codeql,nivel_4_estrita,inalterada,2594,true,,VP,OK,true,FP
CVE-2018-3721,semgrep,nivel_3,inalterada,2594,true,,FN,OK,true,VN
CVE-2018-3721,semgrep,nivel_4_generosa,inalterada,2594,true,,FN,OK,true,VN
CVE-2018-3721,semgrep,nivel_4_estrita,inalterada,2594,true,,FN,OK,true,VN
CVE-2018-3721,snyk-code,nivel_3,inalterada,2594,true,,FN,OK,true,VN
CVE-2018-3721,snyk-code,nivel_4_generosa,inalterada,2594,true,,FN,OK,true,VN
CVE-2018-3721,snyk-code,nivel_4_estrita,inalterada,2594,true,,FN,OK,true,VN
CVE-2018-3722,codeql,nivel_3,inalterada,45,true,,FN,SEM_ACHADOS,true,VN
CVE-2018-3722,codeql,nivel_4_generosa,inalterada,45,true,,FN,SEM_ACHADOS,true,VN
CVE-2018-3722,codeql,nivel_4_estrita,inalterada,45,true,,FN,SEM_ACHADOS,true,VN
CVE-2018-3722,semgrep,nivel_3,inalterada,45,true,,FN,SEM_ACHADOS,true,VN
CVE-2018-3722,semgrep,nivel_4_generosa,inalterada,45,true,,FN,SEM_ACHADOS,true,VN
CVE-2018-3722,semgrep,nivel_4_estrita,inalterada,45,true,,FN,SEM_ACHADOS,true,VN
CVE-2018-3722,snyk-code,nivel_3,inalterada,45,true,,FN,SEM_ACHADOS,true,VN
CVE-2018-3722,snyk-code,nivel_4_generosa,inalterada,45,true,,FN,SEM_ACHADOS,true,VN
CVE-2018-3722,snyk-code,nivel_4_estrita,inalterada,45,true,,FN,SEM_ACHADOS,true,VN
CVE-2018-3725,codeql,nivel_3,inalterada,118|140|143|154|196,true,,VP,OK,true,VN
CVE-2018-3725,codeql,nivel_4_generosa,inalterada,118|140|143|154|196,true,,VP,OK,true,VN
CVE-2018-3725,codeql,nivel_4_estrita,inalterada,118|140|143|154|196,true,,VP,OK,true,VN
CVE-2018-3725,semgrep,nivel_3,inalterada,118|140|143|154|196,true,,FN,SEM_ACHADOS,true,VN
CVE-2018-3725,semgrep,nivel_4_generosa,inalterada,118|140|143|154|196,true,,FN,SEM_ACHADOS,true,VN
CVE-2018-3725,semgrep,nivel_4_estrita,inalterada,118|140|143|154|196,true,,FN,SEM_ACHADOS,true,VN
CVE-2018-3725,snyk-code,nivel_3,inalterada,118|140|143|154|196,true,,FN,SEM_ACHADOS,true,VN
CVE-2018-3725,snyk-code,nivel_4_generosa,inalterada,118|140|143|154|196,true,,FN,SEM_ACHADOS,true,VN
CVE-2018-3725,snyk-code,nivel_4_estrita,inalterada,118|140|143|154|196,true,,FN,SEM_ACHADOS,true,VN
CVE-2018-3726,codeql,nivel_3,trecho,143-145,true,,VP,OK,true,FP
CVE-2018-3726,codeql,nivel_4_generosa,trecho,143-145,true,,VP,OK,true,VN
CVE-2018-3726,codeql,nivel_4_estrita,trecho,143-145,true,,VP,OK,true,VN
CVE-2018-3726,semgrep,nivel_3,trecho,143-145,true,,FN,OK,true,VN
CVE-2018-3726,semgrep,nivel_4_generosa,trecho,143-145,true,,FN,OK,true,VN
CVE-2018-3726,semgrep,nivel_4_estrita,trecho,143-145,true,,FN,OK,true,VN
CVE-2018-3726,snyk-code,nivel_3,trecho,143-145,true,,VP,OK,true,FP
CVE-2018-3726,snyk-code,nivel_4_generosa,trecho,143-145,true,,VP,OK,true,FP
CVE-2018-3726,snyk-code,nivel_4_estrita,trecho,143-145,true,,VP,OK,true,FP
CVE-2018-3728,codeql,nivel_3,inalterada,133,true,,VP,OK,true,VN
CVE-2018-3728,codeql,nivel_4_generosa,inalterada,133,true,,VP,OK,true,VN
CVE-2018-3728,codeql,nivel_4_estrita,inalterada,133,true,,VP,OK,true,VN
CVE-2018-3728,semgrep,nivel_3,inalterada,133,true,,FN,OK,true,VN
CVE-2018-3728,semgrep,nivel_4_generosa,inalterada,133,true,,FN,OK,true,VN
CVE-2018-3728,semgrep,nivel_4_estrita,inalterada,133,true,,FN,OK,true,VN
CVE-2018-3728,snyk-code,nivel_3,inalterada,133,true,,FN,SEM_ACHADOS,true,VN
CVE-2018-3728,snyk-code,nivel_4_generosa,inalterada,133,true,,FN,SEM_ACHADOS,true,VN
CVE-2018-3728,snyk-code,nivel_4_estrita,inalterada,133,true,,FN,SEM_ACHADOS,true,VN
CVE-2018-3731,codeql,nivel_3,inalterada,86,true,,VP,OK,true,VN
CVE-2018-3731,codeql,nivel_4_generosa,inalterada,86,true,,VP,OK,true,VN
CVE-2018-3731,codeql,nivel_4_estrita,inalterada,86,true,,VP,OK,true,VN
CVE-2018-3731,semgrep,nivel_3,inalterada,86,true,,FN,OK,true,VN
CVE-2018-3731,semgrep,nivel_4_generosa,inalterada,86,true,,FN,OK,true,VN
CVE-2018-3731,semgrep,nivel_4_estrita,inalterada,86,true,,FN,OK,true,VN
CVE-2018-3731,snyk-code,nivel_3,inalterada,86,true,,FN,SEM_ARQUIVO_ANALISAVEL,false,sem_analise
CVE-2018-3731,snyk-code,nivel_4_generosa,inalterada,86,true,,FN,SEM_ARQUIVO_ANALISAVEL,false,sem_analise
CVE-2018-3731,snyk-code,nivel_4_estrita,inalterada,86,true,,FN,SEM_ARQUIVO_ANALISAVEL,false,sem_analise
CVE-2018-3732,codeql,nivel_3,trecho,86-87,true,,FN,SEM_ACHADOS,true,VN
CVE-2018-3732,codeql,nivel_4_generosa,trecho,86-87,true,,FN,SEM_ACHADOS,true,VN
CVE-2018-3732,codeql,nivel_4_estrita,trecho,86-87,true,,FN,SEM_ACHADOS,true,VN
CVE-2018-3732,semgrep,nivel_3,trecho,86-87,true,,FN,SEM_ACHADOS,true,VN
CVE-2018-3732,semgrep,nivel_4_generosa,trecho,86-87,true,,FN,SEM_ACHADOS,true,VN
CVE-2018-3732,semgrep,nivel_4_estrita,trecho,86-87,true,,FN,SEM_ACHADOS,true,VN
CVE-2018-3732,snyk-code,nivel_3,trecho,86-87,true,,FN,SEM_ACHADOS,true,VN
CVE-2018-3732,snyk-code,nivel_4_generosa,trecho,86-87,true,,FN,SEM_ACHADOS,true,VN
CVE-2018-3732,snyk-code,nivel_4_estrita,trecho,86-87,true,,FN,SEM_ACHADOS,true,VN
CVE-2018-3733,codeql,nivel_3,inalterada,66,true,,VP,OK,true,VN
CVE-2018-3733,codeql,nivel_4_generosa,inalterada,66,true,,VP,OK,true,VN
CVE-2018-3733,codeql,nivel_4_estrita,inalterada,66,true,,VP,OK,true,VN
CVE-2018-3733,semgrep,nivel_3,inalterada,66,true,,FN,OK,true,VN
CVE-2018-3733,semgrep,nivel_4_generosa,inalterada,66,true,,FN,OK,true,VN
CVE-2018-3733,semgrep,nivel_4_estrita,inalterada,66,true,,FN,OK,true,VN
CVE-2018-3733,snyk-code,nivel_3,inalterada,66,true,,VP,OK,true,FP
CVE-2018-3733,snyk-code,nivel_4_generosa,inalterada,66,true,,VP,OK,true,FP
CVE-2018-3733,snyk-code,nivel_4_estrita,inalterada,66,true,,FN,OK,true,VN
CVE-2018-3736,codeql,nivel_3,trecho,207-207,true,,FN,OK,true,VN
CVE-2018-3736,codeql,nivel_4_generosa,trecho,207-207,true,,FN,OK,true,VN
CVE-2018-3736,codeql,nivel_4_estrita,trecho,207-207,true,,FN,OK,true,VN
CVE-2018-3736,semgrep,nivel_3,trecho,207-207,true,,FN,OK,true,VN
CVE-2018-3736,semgrep,nivel_4_generosa,trecho,207-207,true,,FN,OK,true,VN
CVE-2018-3736,semgrep,nivel_4_estrita,trecho,207-207,true,,FN,OK,true,VN
CVE-2018-3736,snyk-code,nivel_3,trecho,207-207,true,,FN,OK,true,VN
CVE-2018-3736,snyk-code,nivel_4_generosa,trecho,207-207,true,,FN,OK,true,VN
CVE-2018-3736,snyk-code,nivel_4_estrita,trecho,207-207,true,,FN,OK,true,VN
CVE-2018-3737,codeql,nivel_3,trecho,19-19,true,,FN,OK,true,VN
CVE-2018-3737,codeql,nivel_4_generosa,trecho,19-19,true,,FN,OK,true,VN
CVE-2018-3737,codeql,nivel_4_estrita,trecho,19-19,true,,FN,OK,true,VN
CVE-2018-3737,semgrep,nivel_3,trecho,19-19,true,,FN,OK,true,VN
CVE-2018-3737,semgrep,nivel_4_generosa,trecho,19-19,true,,FN,OK,true,VN
CVE-2018-3737,semgrep,nivel_4_estrita,trecho,19-19,true,,FN,OK,true,VN
CVE-2018-3737,snyk-code,nivel_3,trecho,19-19,true,,FN,OK,true,VN
CVE-2018-3737,snyk-code,nivel_4_generosa,trecho,19-19,true,,FN,OK,true,VN
CVE-2018-3737,snyk-code,nivel_4_estrita,trecho,19-19,true,,FN,OK,true,VN
CVE-2018-3738,codeql,nivel_3,trecho,27-28,true,,VP,OK,true,VN
CVE-2018-3738,codeql,nivel_4_generosa,trecho,27-28,true,,VP,OK,true,VN
CVE-2018-3738,codeql,nivel_4_estrita,trecho,27-28,true,,VP,OK,true,VN
CVE-2018-3738,semgrep,nivel_3,trecho,27-28,true,,FN,OK,true,VN
CVE-2018-3738,semgrep,nivel_4_generosa,trecho,27-28,true,,FN,OK,true,VN
CVE-2018-3738,semgrep,nivel_4_estrita,trecho,27-28,true,,FN,OK,true,VN
CVE-2018-3738,snyk-code,nivel_3,trecho,27-28,true,,FN,OK,true,VN
CVE-2018-3738,snyk-code,nivel_4_generosa,trecho,27-28,true,,FN,OK,true,VN
CVE-2018-3738,snyk-code,nivel_4_estrita,trecho,27-28,true,,FN,OK,true,VN
CVE-2018-3743,codeql,nivel_3,trecho,194-194,true,,VP,OK,true,VN
CVE-2018-3743,codeql,nivel_4_generosa,trecho,194-194,true,,VP,OK,true,VN
CVE-2018-3743,codeql,nivel_4_estrita,trecho,194-194,true,,VP,OK,true,VN
CVE-2018-3743,semgrep,nivel_3,trecho,194-194,true,,FN,SEM_ACHADOS,true,VN
CVE-2018-3743,semgrep,nivel_4_generosa,trecho,194-194,true,,FN,SEM_ACHADOS,true,VN
CVE-2018-3743,semgrep,nivel_4_estrita,trecho,194-194,true,,FN,SEM_ACHADOS,true,VN
CVE-2018-3743,snyk-code,nivel_3,trecho,194-194,true,,FN,SEM_ACHADOS,true,VN
CVE-2018-3743,snyk-code,nivel_4_generosa,trecho,194-194,true,,FN,SEM_ACHADOS,true,VN
CVE-2018-3743,snyk-code,nivel_4_estrita,trecho,194-194,true,,FN,SEM_ACHADOS,true,VN
CVE-2018-3746,codeql,nivel_3,trecho,26-26,true,,FN,SEM_ACHADOS,true,VN
CVE-2018-3746,codeql,nivel_4_generosa,trecho,26-26,true,,FN,SEM_ACHADOS,true,VN
CVE-2018-3746,codeql,nivel_4_estrita,trecho,26-26,true,,FN,SEM_ACHADOS,true,VN
CVE-2018-3746,semgrep,nivel_3,trecho,26-26,true,,FN,SEM_ACHADOS,true,VN
CVE-2018-3746,semgrep,nivel_4_generosa,trecho,26-26,true,,FN,SEM_ACHADOS,true,VN
CVE-2018-3746,semgrep,nivel_4_estrita,trecho,26-26,true,,FN,SEM_ACHADOS,true,VN
CVE-2018-3746,snyk-code,nivel_3,trecho,26-26,true,,FN,SEM_ACHADOS,true,VN
CVE-2018-3746,snyk-code,nivel_4_generosa,trecho,26-26,true,,FN,SEM_ACHADOS,true,VN
CVE-2018-3746,snyk-code,nivel_4_estrita,trecho,26-26,true,,FN,SEM_ACHADOS,true,VN
CVE-2018-3747,codeql,nivel_3,inalterada,129,true,,VP,OK,true,FP
CVE-2018-3747,codeql,nivel_4_generosa,inalterada,129,true,,VP,OK,true,FP
CVE-2018-3747,codeql,nivel_4_estrita,inalterada,129,true,,VP,OK,true,FP
CVE-2018-3747,semgrep,nivel_3,inalterada,129,true,,FN,OK,true,VN
CVE-2018-3747,semgrep,nivel_4_generosa,inalterada,129,true,,FN,OK,true,VN
CVE-2018-3747,semgrep,nivel_4_estrita,inalterada,129,true,,FN,OK,true,VN
CVE-2018-3747,snyk-code,nivel_3,inalterada,129,true,,FN,SEM_ARQUIVO_ANALISAVEL,false,sem_analise
CVE-2018-3747,snyk-code,nivel_4_generosa,inalterada,129,true,,FN,SEM_ARQUIVO_ANALISAVEL,false,sem_analise
CVE-2018-3747,snyk-code,nivel_4_estrita,inalterada,129,true,,FN,SEM_ARQUIVO_ANALISAVEL,false,sem_analise
CVE-2018-3750,codeql,nivel_3,inalterada,137,true,,FN,SEM_ACHADOS,true,VN
CVE-2018-3750,codeql,nivel_4_generosa,inalterada,137,true,,FN,SEM_ACHADOS,true,VN
CVE-2018-3750,codeql,nivel_4_estrita,inalterada,137,true,,FN,SEM_ACHADOS,true,VN
CVE-2018-3750,semgrep,nivel_3,inalterada,137,true,,FN,OK,true,VN
CVE-2018-3750,semgrep,nivel_4_generosa,inalterada,137,true,,FN,OK,true,VN
CVE-2018-3750,semgrep,nivel_4_estrita,inalterada,137,true,,FN,OK,true,VN
CVE-2018-3750,snyk-code,nivel_3,inalterada,137,true,,FN,SEM_ACHADOS,true,VN
CVE-2018-3750,snyk-code,nivel_4_generosa,inalterada,137,true,,FN,SEM_ACHADOS,true,VN
CVE-2018-3750,snyk-code,nivel_4_estrita,inalterada,137,true,,FN,SEM_ACHADOS,true,VN
CVE-2018-3752,codeql,nivel_3,trecho,79-81,true,,FN,SEM_ACHADOS,true,VN
CVE-2018-3752,codeql,nivel_4_generosa,trecho,79-81,true,,FN,SEM_ACHADOS,true,VN
CVE-2018-3752,codeql,nivel_4_estrita,trecho,79-81,true,,FN,SEM_ACHADOS,true,VN
CVE-2018-3752,semgrep,nivel_3,trecho,79-81,true,,FN,SEM_ACHADOS,true,VN
CVE-2018-3752,semgrep,nivel_4_generosa,trecho,79-81,true,,FN,SEM_ACHADOS,true,VN
CVE-2018-3752,semgrep,nivel_4_estrita,trecho,79-81,true,,FN,SEM_ACHADOS,true,VN
CVE-2018-3752,snyk-code,nivel_3,trecho,79-81,true,,FN,SEM_ACHADOS,true,VN
CVE-2018-3752,snyk-code,nivel_4_generosa,trecho,79-81,true,,FN,SEM_ACHADOS,true,VN
CVE-2018-3752,snyk-code,nivel_4_estrita,trecho,79-81,true,,FN,SEM_ACHADOS,true,VN
CVE-2018-3757,codeql,nivel_3,trecho,114-119,true,,FN,OK,true,VN
CVE-2018-3757,codeql,nivel_4_generosa,trecho,114-119,true,,FN,OK,true,VN
CVE-2018-3757,codeql,nivel_4_estrita,trecho,114-119,true,,FN,OK,true,VN
CVE-2018-3757,semgrep,nivel_3,trecho,114-119,true,,FN,OK,true,VN
CVE-2018-3757,semgrep,nivel_4_generosa,trecho,114-119,true,,FN,OK,true,VN
CVE-2018-3757,semgrep,nivel_4_estrita,trecho,114-119,true,,FN,OK,true,VN
CVE-2018-3757,snyk-code,nivel_3,trecho,114-119,true,,FN,SEM_ACHADOS,true,VN
CVE-2018-3757,snyk-code,nivel_4_generosa,trecho,114-119,true,,FN,SEM_ACHADOS,true,VN
CVE-2018-3757,snyk-code,nivel_4_estrita,trecho,114-119,true,,FN,SEM_ACHADOS,true,VN
CVE-2018-3770,codeql,nivel_3,inalterada,57,true,,FN,SEM_ACHADOS,true,VN
CVE-2018-3770,codeql,nivel_4_generosa,inalterada,57,true,,FN,SEM_ACHADOS,true,VN
CVE-2018-3770,codeql,nivel_4_estrita,inalterada,57,true,,FN,SEM_ACHADOS,true,VN
CVE-2018-3770,semgrep,nivel_3,inalterada,57,true,,FN,OK,true,VN
CVE-2018-3770,semgrep,nivel_4_generosa,inalterada,57,true,,FN,OK,true,VN
CVE-2018-3770,semgrep,nivel_4_estrita,inalterada,57,true,,FN,OK,true,VN
CVE-2018-3770,snyk-code,nivel_3,inalterada,57,true,,FN,SEM_ACHADOS,true,VN
CVE-2018-3770,snyk-code,nivel_4_generosa,inalterada,57,true,,FN,SEM_ACHADOS,true,VN
CVE-2018-3770,snyk-code,nivel_4_estrita,inalterada,57,true,,FN,SEM_ACHADOS,true,VN
CVE-2018-3772,codeql,nivel_3,trecho,4-4,true,,VP,SEM_ACHADOS,true,VN
CVE-2018-3772,codeql,nivel_4_generosa,trecho,4-4,true,,VP,SEM_ACHADOS,true,VN
CVE-2018-3772,codeql,nivel_4_estrita,trecho,4-4,true,,VP,SEM_ACHADOS,true,VN
CVE-2018-3772,semgrep,nivel_3,trecho,4-4,true,,VP,SEM_ACHADOS,true,VN
CVE-2018-3772,semgrep,nivel_4_generosa,trecho,4-4,true,,VP,SEM_ACHADOS,true,VN
CVE-2018-3772,semgrep,nivel_4_estrita,trecho,4-4,true,,VP,SEM_ACHADOS,true,VN
CVE-2018-3772,snyk-code,nivel_3,trecho,4-4,true,,FN,SEM_ACHADOS,true,VN
CVE-2018-3772,snyk-code,nivel_4_generosa,trecho,4-4,true,,FN,SEM_ACHADOS,true,VN
CVE-2018-3772,snyk-code,nivel_4_estrita,trecho,4-4,true,,FN,SEM_ACHADOS,true,VN
CVE-2018-3783,codeql,nivel_3,trecho,80-80,true,,VP,OK,true,FP
CVE-2018-3783,codeql,nivel_4_generosa,trecho,80-80,true,,VP,OK,true,VN
CVE-2018-3783,codeql,nivel_4_estrita,trecho,80-80,true,,VP,OK,true,VN
CVE-2018-3783,semgrep,nivel_3,trecho,80-80,true,,FN,OK,true,VN
CVE-2018-3783,semgrep,nivel_4_generosa,trecho,80-80,true,,FN,OK,true,VN
CVE-2018-3783,semgrep,nivel_4_estrita,trecho,80-80,true,,FN,OK,true,VN
CVE-2018-3783,snyk-code,nivel_3,trecho,80-80,true,,FN,OK,true,FP
CVE-2018-3783,snyk-code,nivel_4_generosa,trecho,80-80,true,,FN,OK,true,VN
CVE-2018-3783,snyk-code,nivel_4_estrita,trecho,80-80,true,,FN,OK,true,VN
CVE-2018-3786,codeql,nivel_3,trecho,235-237,true,,VP,OK,true,VN
CVE-2018-3786,codeql,nivel_4_generosa,trecho,235-237,true,,VP,OK,true,VN
CVE-2018-3786,codeql,nivel_4_estrita,trecho,235-237,true,,VP,OK,true,VN
CVE-2018-3786,semgrep,nivel_3,trecho,235-237,true,,FN,OK,true,VN
CVE-2018-3786,semgrep,nivel_4_generosa,trecho,235-237,true,,FN,OK,true,VN
CVE-2018-3786,semgrep,nivel_4_estrita,trecho,235-237,true,,FN,OK,true,VN
CVE-2018-3786,snyk-code,nivel_3,trecho,235-237,true,,FN,OK,true,VN
CVE-2018-3786,snyk-code,nivel_4_generosa,trecho,235-237,true,,FN,OK,true,VN
CVE-2018-3786,snyk-code,nivel_4_estrita,trecho,235-237,true,,FN,OK,true,VN
CVE-2018-6184,codeql,nivel_3,inalterada,230,true,,FN,OK,true,VN
CVE-2018-6184,codeql,nivel_4_generosa,inalterada,230,true,,FN,OK,true,VN
CVE-2018-6184,codeql,nivel_4_estrita,inalterada,230,true,,FN,OK,true,VN
CVE-2018-6184,semgrep,nivel_3,inalterada,230,true,,FN,OK,true,VN
CVE-2018-6184,semgrep,nivel_4_generosa,inalterada,230,true,,FN,OK,true,VN
CVE-2018-6184,semgrep,nivel_4_estrita,inalterada,230,true,,FN,OK,true,VN
CVE-2018-6184,snyk-code,nivel_3,inalterada,230,true,,FN,OK,true,VN
CVE-2018-6184,snyk-code,nivel_4_generosa,inalterada,230,true,,FN,OK,true,VN
CVE-2018-6184,snyk-code,nivel_4_estrita,inalterada,230,true,,FN,OK,true,VN
CVE-2018-6333,codeql,nivel_3,inalterada,140,true,,FN,OK,true,VN
CVE-2018-6333,codeql,nivel_4_generosa,inalterada,140,true,,FN,OK,true,VN
CVE-2018-6333,codeql,nivel_4_estrita,inalterada,140,true,,FN,OK,true,VN
CVE-2018-6333,semgrep,nivel_3,inalterada,140,true,,FN,OK,true,VN
CVE-2018-6333,semgrep,nivel_4_generosa,inalterada,140,true,,FN,OK,true,VN
CVE-2018-6333,semgrep,nivel_4_estrita,inalterada,140,true,,FN,OK,true,VN
CVE-2018-6333,snyk-code,nivel_3,inalterada,140,true,,FN,OK,true,VN
CVE-2018-6333,snyk-code,nivel_4_generosa,inalterada,140,true,,FN,OK,true,VN
CVE-2018-6333,snyk-code,nivel_4_estrita,inalterada,140,true,,FN,OK,true,VN
CVE-2018-6341,codeql,nivel_3,inalterada,64,true,,FN,OK,true,VN
CVE-2018-6341,codeql,nivel_4_generosa,inalterada,64,true,,FN,OK,true,VN
CVE-2018-6341,codeql,nivel_4_estrita,inalterada,64,true,,FN,OK,true,VN
CVE-2018-6341,semgrep,nivel_3,inalterada,64,true,,FN,OK,true,VN
CVE-2018-6341,semgrep,nivel_4_generosa,inalterada,64,true,,FN,OK,true,VN
CVE-2018-6341,semgrep,nivel_4_estrita,inalterada,64,true,,FN,OK,true,VN
CVE-2018-6341,snyk-code,nivel_3,inalterada,64,true,,FN,OK,true,VN
CVE-2018-6341,snyk-code,nivel_4_generosa,inalterada,64,true,,FN,OK,true,VN
CVE-2018-6341,snyk-code,nivel_4_estrita,inalterada,64,true,,FN,OK,true,VN
CVE-2018-6342,codeql,nivel_3,inalterada,364,true,,VP,OK,true,FP
CVE-2018-6342,codeql,nivel_4_generosa,inalterada,364,true,,VP,OK,true,FP
CVE-2018-6342,codeql,nivel_4_estrita,inalterada,364,true,,VP,OK,true,FP
CVE-2018-6342,semgrep,nivel_3,inalterada,364,true,,FN,OK,true,VN
CVE-2018-6342,semgrep,nivel_4_generosa,inalterada,364,true,,FN,OK,true,VN
CVE-2018-6342,semgrep,nivel_4_estrita,inalterada,364,true,,FN,OK,true,VN
CVE-2018-6342,snyk-code,nivel_3,inalterada,364,true,,FN,OK,true,VN
CVE-2018-6342,snyk-code,nivel_4_generosa,inalterada,364,true,,FN,OK,true,VN
CVE-2018-6342,snyk-code,nivel_4_estrita,inalterada,364,true,,FN,OK,true,VN
CVE-2018-7560,codeql,nivel_3,trecho,10-10,true,,FN,OK,true,VN
CVE-2018-7560,codeql,nivel_4_generosa,trecho,10-10,true,,FN,OK,true,VN
CVE-2018-7560,codeql,nivel_4_estrita,trecho,10-10,true,,FN,OK,true,VN
CVE-2018-7560,semgrep,nivel_3,trecho,10-10,true,,VP,SEM_ACHADOS,true,VN
CVE-2018-7560,semgrep,nivel_4_generosa,trecho,10-10,true,,FN,SEM_ACHADOS,true,VN
CVE-2018-7560,semgrep,nivel_4_estrita,trecho,10-10,true,,FN,SEM_ACHADOS,true,VN
CVE-2018-7560,snyk-code,nivel_3,trecho,10-10,true,,FN,SEM_ACHADOS,true,VN
CVE-2018-7560,snyk-code,nivel_4_generosa,trecho,10-10,true,,FN,SEM_ACHADOS,true,VN
CVE-2018-7560,snyk-code,nivel_4_estrita,trecho,10-10,true,,FN,SEM_ACHADOS,true,VN
CVE-2018-7651,codeql,nivel_3,trecho,12-12,true,,FN,OK,true,FP
CVE-2018-7651,codeql,nivel_4_generosa,trecho,12-12,true,,FN,OK,true,FP
CVE-2018-7651,codeql,nivel_4_estrita,trecho,12-12,true,,FN,OK,true,FP
CVE-2018-7651,semgrep,nivel_3,trecho,12-12,true,,FN,SEM_ACHADOS,true,VN
CVE-2018-7651,semgrep,nivel_4_generosa,trecho,12-12,true,,FN,SEM_ACHADOS,true,VN
CVE-2018-7651,semgrep,nivel_4_estrita,trecho,12-12,true,,FN,SEM_ACHADOS,true,VN
CVE-2018-7651,snyk-code,nivel_3,trecho,12-12,true,,FN,OK,true,VN
CVE-2018-7651,snyk-code,nivel_4_generosa,trecho,12-12,true,,FN,OK,true,VN
CVE-2018-7651,snyk-code,nivel_4_estrita,trecho,12-12,true,,FN,OK,true,VN
CVE-2019-10061,codeql,nivel_3,inalterada,15,true,,VP,OK,true,VN
CVE-2019-10061,codeql,nivel_4_generosa,inalterada,15,true,,VP,OK,true,VN
CVE-2019-10061,codeql,nivel_4_estrita,inalterada,15,true,,VP,OK,true,VN
CVE-2019-10061,semgrep,nivel_3,inalterada,15,true,,FN,OK,true,VN
CVE-2019-10061,semgrep,nivel_4_generosa,inalterada,15,true,,FN,OK,true,VN
CVE-2019-10061,semgrep,nivel_4_estrita,inalterada,15,true,,FN,OK,true,VN
CVE-2019-10061,snyk-code,nivel_3,inalterada,15,true,,VP,OK,true,VN
CVE-2019-10061,snyk-code,nivel_4_generosa,inalterada,15,true,,VP,OK,true,VN
CVE-2019-10061,snyk-code,nivel_4_estrita,inalterada,15,true,,VP,OK,true,VN
CVE-2019-10090,codeql,nivel_3,inalterada,530,true,,FN,OK,true,VN
CVE-2019-10090,codeql,nivel_4_generosa,inalterada,530,true,,FN,OK,true,VN
CVE-2019-10090,codeql,nivel_4_estrita,inalterada,530,true,,FN,OK,true,VN
CVE-2019-10090,semgrep,nivel_3,inalterada,530,true,,FN,OK,true,VN
CVE-2019-10090,semgrep,nivel_4_generosa,inalterada,530,true,,FN,OK,true,VN
CVE-2019-10090,semgrep,nivel_4_estrita,inalterada,530,true,,FN,OK,true,VN
CVE-2019-10090,snyk-code,nivel_3,inalterada,530,true,,FN,OK,true,VN
CVE-2019-10090,snyk-code,nivel_4_generosa,inalterada,530,true,,FN,OK,true,VN
CVE-2019-10090,snyk-code,nivel_4_estrita,inalterada,530,true,,FN,OK,true,VN
CVE-2019-1010091,codeql,nivel_3,trecho,59-64,true,,VP,OK,true,VN
CVE-2019-1010091,codeql,nivel_4_generosa,trecho,59-64,true,,VP,OK,true,VN
CVE-2019-1010091,codeql,nivel_4_estrita,trecho,59-64,true,,VP,OK,true,VN
CVE-2019-1010091,semgrep,nivel_3,trecho,59-64,true,,FN,OK,true,VN
CVE-2019-1010091,semgrep,nivel_4_generosa,trecho,59-64,true,,FN,OK,true,VN
CVE-2019-1010091,semgrep,nivel_4_estrita,trecho,59-64,true,,FN,OK,true,VN
CVE-2019-1010091,snyk-code,nivel_3,trecho,59-64,true,,FN,OK,true,VN
CVE-2019-1010091,snyk-code,nivel_4_generosa,trecho,59-64,true,,FN,OK,true,VN
CVE-2019-1010091,snyk-code,nivel_4_estrita,trecho,59-64,true,,FN,OK,true,VN
CVE-2019-1010266,codeql,nivel_3,trecho,279-279,true,,FN,OK,true,VN
CVE-2019-1010266,codeql,nivel_4_generosa,trecho,279-279,true,,FN,OK,true,VN
CVE-2019-1010266,codeql,nivel_4_estrita,trecho,279-279,true,,FN,OK,true,VN
CVE-2019-1010266,semgrep,nivel_3,trecho,279-279,true,,FN,OK,true,VN
CVE-2019-1010266,semgrep,nivel_4_generosa,trecho,279-279,true,,FN,OK,true,VN
CVE-2019-1010266,semgrep,nivel_4_estrita,trecho,279-279,true,,FN,OK,true,VN
CVE-2019-1010266,snyk-code,nivel_3,trecho,279-279,true,,FN,OK,true,VN
CVE-2019-1010266,snyk-code,nivel_4_generosa,trecho,279-279,true,,FN,OK,true,VN
CVE-2019-1010266,snyk-code,nivel_4_estrita,trecho,279-279,true,,FN,OK,true,VN
CVE-2019-1020012,codeql,nivel_3,inalterada,400,true,,FN,OK,true,VN
CVE-2019-1020012,codeql,nivel_4_generosa,inalterada,400,true,,FN,OK,true,VN
CVE-2019-1020012,codeql,nivel_4_estrita,inalterada,400,true,,FN,OK,true,VN
CVE-2019-1020012,semgrep,nivel_3,inalterada,400,true,,FN,OK,true,VN
CVE-2019-1020012,semgrep,nivel_4_generosa,inalterada,400,true,,FN,OK,true,VN
CVE-2019-1020012,semgrep,nivel_4_estrita,inalterada,400,true,,FN,OK,true,VN
CVE-2019-1020012,snyk-code,nivel_3,inalterada,400,true,,FN,OK,true,VN
CVE-2019-1020012,snyk-code,nivel_4_generosa,inalterada,400,true,,FN,OK,true,VN
CVE-2019-1020012,snyk-code,nivel_4_estrita,inalterada,400,true,,FN,OK,true,VN
CVE-2019-10742,codeql,nivel_3,inalterada,214,true,,FN,OK,true,VN
CVE-2019-10742,codeql,nivel_4_generosa,inalterada,214,true,,FN,OK,true,VN
CVE-2019-10742,codeql,nivel_4_estrita,inalterada,214,true,,FN,OK,true,VN
CVE-2019-10742,semgrep,nivel_3,inalterada,214,true,,FN,OK,true,VN
CVE-2019-10742,semgrep,nivel_4_generosa,inalterada,214,true,,FN,OK,true,VN
CVE-2019-10742,semgrep,nivel_4_estrita,inalterada,214,true,,FN,OK,true,VN
CVE-2019-10742,snyk-code,nivel_3,inalterada,214,true,,FN,OK,true,VN
CVE-2019-10742,snyk-code,nivel_4_generosa,inalterada,214,true,,FN,OK,true,VN
CVE-2019-10742,snyk-code,nivel_4_estrita,inalterada,214,true,,FN,OK,true,VN
CVE-2019-10744,codeql,nivel_3,inalterada,6608,true,,FN,OK,true,VN
CVE-2019-10744,codeql,nivel_4_generosa,inalterada,6608,true,,FN,OK,true,VN
CVE-2019-10744,codeql,nivel_4_estrita,inalterada,6608,true,,FN,OK,true,VN
CVE-2019-10744,semgrep,nivel_3,inalterada,6608,true,,FN,OK,true,VN
CVE-2019-10744,semgrep,nivel_4_generosa,inalterada,6608,true,,FN,OK,true,VN
CVE-2019-10744,semgrep,nivel_4_estrita,inalterada,6608,true,,FN,OK,true,VN
CVE-2019-10744,snyk-code,nivel_3,inalterada,6608,true,,FN,OK,true,VN
CVE-2019-10744,snyk-code,nivel_4_generosa,inalterada,6608,true,,FN,OK,true,VN
CVE-2019-10744,snyk-code,nivel_4_estrita,inalterada,6608,true,,FN,OK,true,VN
CVE-2019-10745,codeql,nivel_3,trecho,24-29,true,,VP,SEM_ACHADOS,true,VN
CVE-2019-10745,codeql,nivel_4_generosa,trecho,24-29,true,,VP,SEM_ACHADOS,true,VN
CVE-2019-10745,codeql,nivel_4_estrita,trecho,24-29,true,,VP,SEM_ACHADOS,true,VN
CVE-2019-10745,semgrep,nivel_3,trecho,24-29,true,,FN,OK,true,VN
CVE-2019-10745,semgrep,nivel_4_generosa,trecho,24-29,true,,FN,OK,true,VN
CVE-2019-10745,semgrep,nivel_4_estrita,trecho,24-29,true,,FN,OK,true,VN
CVE-2019-10745,snyk-code,nivel_3,trecho,24-29,true,,FN,SEM_ACHADOS,true,VN
CVE-2019-10745,snyk-code,nivel_4_generosa,trecho,24-29,true,,FN,SEM_ACHADOS,true,VN
CVE-2019-10745,snyk-code,nivel_4_estrita,trecho,24-29,true,,FN,SEM_ACHADOS,true,VN
CVE-2019-10746,codeql,nivel_3,inalterada,29,true,,VP,SEM_ACHADOS,true,VN
CVE-2019-10746,codeql,nivel_4_generosa,inalterada,29,true,,VP,SEM_ACHADOS,true,VN
CVE-2019-10746,codeql,nivel_4_estrita,inalterada,29,true,,VP,SEM_ACHADOS,true,VN
CVE-2019-10746,semgrep,nivel_3,inalterada,29,true,,FN,OK,true,VN
CVE-2019-10746,semgrep,nivel_4_generosa,inalterada,29,true,,FN,OK,true,VN
CVE-2019-10746,semgrep,nivel_4_estrita,inalterada,29,true,,FN,OK,true,VN
CVE-2019-10746,snyk-code,nivel_3,inalterada,29,true,,FN,SEM_ACHADOS,true,VN
CVE-2019-10746,snyk-code,nivel_4_generosa,inalterada,29,true,,FN,SEM_ACHADOS,true,VN
CVE-2019-10746,snyk-code,nivel_4_estrita,inalterada,29,true,,FN,SEM_ACHADOS,true,VN
CVE-2019-10747,codeql,nivel_3,inalterada,59,true,,VP,OK,true,FP
CVE-2019-10747,codeql,nivel_4_generosa,inalterada,59,true,,VP,OK,true,FP
CVE-2019-10747,codeql,nivel_4_estrita,inalterada,59,true,,VP,OK,true,FP
CVE-2019-10747,semgrep,nivel_3,inalterada,59,true,,FN,OK,true,VN
CVE-2019-10747,semgrep,nivel_4_generosa,inalterada,59,true,,FN,OK,true,VN
CVE-2019-10747,semgrep,nivel_4_estrita,inalterada,59,true,,FN,OK,true,VN
CVE-2019-10747,snyk-code,nivel_3,inalterada,59,true,,FN,SEM_ACHADOS,true,VN
CVE-2019-10747,snyk-code,nivel_4_generosa,inalterada,59,true,,FN,SEM_ACHADOS,true,VN
CVE-2019-10747,snyk-code,nivel_4_estrita,inalterada,59,true,,FN,SEM_ACHADOS,true,VN
CVE-2019-10750,codeql,nivel_3,inalterada,28,true,,FN,SEM_ACHADOS,true,VN
CVE-2019-10750,codeql,nivel_4_generosa,inalterada,28,true,,FN,SEM_ACHADOS,true,VN
CVE-2019-10750,codeql,nivel_4_estrita,inalterada,28,true,,FN,SEM_ACHADOS,true,VN
CVE-2019-10750,semgrep,nivel_3,inalterada,28,true,,FN,SEM_ACHADOS,true,VN
CVE-2019-10750,semgrep,nivel_4_generosa,inalterada,28,true,,FN,SEM_ACHADOS,true,VN
CVE-2019-10750,semgrep,nivel_4_estrita,inalterada,28,true,,FN,SEM_ACHADOS,true,VN
CVE-2019-10750,snyk-code,nivel_3,inalterada,28,true,,FN,SEM_ACHADOS,true,VN
CVE-2019-10750,snyk-code,nivel_4_generosa,inalterada,28,true,,FN,SEM_ACHADOS,true,VN
CVE-2019-10750,snyk-code,nivel_4_estrita,inalterada,28,true,,FN,SEM_ACHADOS,true,VN
CVE-2019-10757,codeql,nivel_3,trecho,210-214,true,,VP,OK,true,VN
CVE-2019-10757,codeql,nivel_4_generosa,trecho,210-214,true,,VP,OK,true,VN
CVE-2019-10757,codeql,nivel_4_estrita,trecho,210-214,true,,VP,OK,true,VN
CVE-2019-10757,semgrep,nivel_3,trecho,210-214,true,,FN,OK,true,VN
CVE-2019-10757,semgrep,nivel_4_generosa,trecho,210-214,true,,FN,OK,true,VN
CVE-2019-10757,semgrep,nivel_4_estrita,trecho,210-214,true,,FN,OK,true,VN
CVE-2019-10757,snyk-code,nivel_3,trecho,210-214,true,,FN,OK,true,VN
CVE-2019-10757,snyk-code,nivel_4_generosa,trecho,210-214,true,,FN,OK,true,VN
CVE-2019-10757,snyk-code,nivel_4_estrita,trecho,210-214,true,,FN,OK,true,VN
CVE-2019-10758,codeql,nivel_3,trecho,8-8,true,,VP,OK,true,VN
CVE-2019-10758,codeql,nivel_4_generosa,trecho,8-8,true,,VP,OK,true,VN
CVE-2019-10758,codeql,nivel_4_estrita,trecho,8-8,true,,VP,OK,true,VN
CVE-2019-10758,semgrep,nivel_3,trecho,8-8,true,,FN,OK,true,VN
CVE-2019-10758,semgrep,nivel_4_generosa,trecho,8-8,true,,FN,OK,true,VN
CVE-2019-10758,semgrep,nivel_4_estrita,trecho,8-8,true,,FN,OK,true,VN
CVE-2019-10758,snyk-code,nivel_3,trecho,8-8,true,,FN,OK,true,VN
CVE-2019-10758,snyk-code,nivel_4_generosa,trecho,8-8,true,,FN,OK,true,VN
CVE-2019-10758,snyk-code,nivel_4_estrita,trecho,8-8,true,,FN,OK,true,VN
CVE-2019-10759,codeql,nivel_3,inalterada,49,true,,FN,SEM_ACHADOS,true,VN
CVE-2019-10759,codeql,nivel_4_generosa,inalterada,49,true,,FN,SEM_ACHADOS,true,VN
CVE-2019-10759,codeql,nivel_4_estrita,inalterada,49,true,,FN,SEM_ACHADOS,true,VN
CVE-2019-10759,semgrep,nivel_3,inalterada,49,true,,FN,OK,true,VN
CVE-2019-10759,semgrep,nivel_4_generosa,inalterada,49,true,,FN,OK,true,VN
CVE-2019-10759,semgrep,nivel_4_estrita,inalterada,49,true,,FN,OK,true,VN
CVE-2019-10759,snyk-code,nivel_3,inalterada,49,true,,FN,SEM_ACHADOS,true,VN
CVE-2019-10759,snyk-code,nivel_4_generosa,inalterada,49,true,,FN,SEM_ACHADOS,true,VN
CVE-2019-10759,snyk-code,nivel_4_estrita,inalterada,49,true,,FN,SEM_ACHADOS,true,VN
CVE-2019-10761,codeql,nivel_3,so_remocao,del:330,false,so_remocao,FN,OK,true,VN
CVE-2019-10761,codeql,nivel_4_generosa,so_remocao,del:330,false,so_remocao,FN,OK,true,VN
CVE-2019-10761,codeql,nivel_4_estrita,so_remocao,del:330,false,so_remocao,FN,OK,true,VN
CVE-2019-10761,semgrep,nivel_3,so_remocao,del:330,false,so_remocao,FN,OK,true,VN
CVE-2019-10761,semgrep,nivel_4_generosa,so_remocao,del:330,false,so_remocao,FN,OK,true,VN
CVE-2019-10761,semgrep,nivel_4_estrita,so_remocao,del:330,false,so_remocao,FN,OK,true,VN
CVE-2019-10761,snyk-code,nivel_3,so_remocao,del:330,false,so_remocao,FN,SEM_ACHADOS,true,VN
CVE-2019-10761,snyk-code,nivel_4_generosa,so_remocao,del:330,false,so_remocao,FN,SEM_ACHADOS,true,VN
CVE-2019-10761,snyk-code,nivel_4_estrita,so_remocao,del:330,false,so_remocao,FN,SEM_ACHADOS,true,VN
CVE-2019-10765,codeql,nivel_3,trecho,421-423,true,,VP,OK,true,FP
CVE-2019-10765,codeql,nivel_4_generosa,trecho,421-423,true,,VP,OK,true,VN
CVE-2019-10765,codeql,nivel_4_estrita,trecho,421-423,true,,VP,OK,true,VN
CVE-2019-10765,semgrep,nivel_3,trecho,421-423,true,,FN,OK,true,VN
CVE-2019-10765,semgrep,nivel_4_generosa,trecho,421-423,true,,FN,OK,true,VN
CVE-2019-10765,semgrep,nivel_4_estrita,trecho,421-423,true,,FN,OK,true,VN
CVE-2019-10765,snyk-code,nivel_3,trecho,421-423,true,,VP,OK,true,FP
CVE-2019-10765,snyk-code,nivel_4_generosa,trecho,421-423,true,,FN,OK,true,VN
CVE-2019-10765,snyk-code,nivel_4_estrita,trecho,421-423,true,,FN,OK,true,VN
CVE-2019-10767,codeql,nivel_3,inalterada,145,true,,VP,OK,true,FP
CVE-2019-10767,codeql,nivel_4_generosa,inalterada,145,true,,VP,OK,true,FP
CVE-2019-10767,codeql,nivel_4_estrita,inalterada,145,true,,VP,OK,true,FP
CVE-2019-10767,semgrep,nivel_3,inalterada,145,true,,FN,OK,true,VN
CVE-2019-10767,semgrep,nivel_4_generosa,inalterada,145,true,,FN,OK,true,VN
CVE-2019-10767,semgrep,nivel_4_estrita,inalterada,145,true,,FN,OK,true,VN
CVE-2019-10767,snyk-code,nivel_3,inalterada,145,true,,FN,OK,true,VN
CVE-2019-10767,snyk-code,nivel_4_generosa,inalterada,145,true,,FN,OK,true,VN
CVE-2019-10767,snyk-code,nivel_4_estrita,inalterada,145,true,,FN,OK,true,VN
CVE-2019-10771,codeql,nivel_3,trecho,1131-1131,true,,VP,OK,true,FP
CVE-2019-10771,codeql,nivel_4_generosa,trecho,1131-1131,true,,VP,OK,true,VN
CVE-2019-10771,codeql,nivel_4_estrita,trecho,1131-1131,true,,VP,OK,true,VN
CVE-2019-10771,semgrep,nivel_3,trecho,1131-1131,true,,FN,OK,true,VN
CVE-2019-10771,semgrep,nivel_4_generosa,trecho,1131-1131,true,,FN,OK,true,VN
CVE-2019-10771,semgrep,nivel_4_estrita,trecho,1131-1131,true,,FN,OK,true,VN
CVE-2019-10771,snyk-code,nivel_3,trecho,1131-1131,true,,VP,OK,true,FP
CVE-2019-10771,snyk-code,nivel_4_generosa,trecho,1131-1131,true,,VP,OK,true,FP
CVE-2019-10771,snyk-code,nivel_4_estrita,trecho,1131-1131,true,,VP,OK,true,FP
CVE-2019-10775,codeql,nivel_3,trecho,406-407,true,,VP,OK,true,FP
CVE-2019-10775,codeql,nivel_4_generosa,trecho,406-407,true,,FN,OK,true,VN
CVE-2019-10775,codeql,nivel_4_estrita,trecho,406-407,true,,FN,OK,true,VN
CVE-2019-10775,semgrep,nivel_3,trecho,406-407,true,,FN,OK,true,VN
CVE-2019-10775,semgrep,nivel_4_generosa,trecho,406-407,true,,FN,OK,true,VN
CVE-2019-10775,semgrep,nivel_4_estrita,trecho,406-407,true,,FN,OK,true,VN
CVE-2019-10775,snyk-code,nivel_3,trecho,406-407,true,,FN,OK,true,VN
CVE-2019-10775,snyk-code,nivel_4_generosa,trecho,406-407,true,,FN,OK,true,VN
CVE-2019-10775,snyk-code,nivel_4_estrita,trecho,406-407,true,,FN,OK,true,VN
CVE-2019-10776,codeql,nivel_3,inalterada,10,true,,VP,OK,true,FP
CVE-2019-10776,codeql,nivel_4_generosa,inalterada,10,true,,VP,OK,true,FP
CVE-2019-10776,codeql,nivel_4_estrita,inalterada,10,true,,VP,OK,true,FP
CVE-2019-10776,semgrep,nivel_3,inalterada,10,true,,FN,OK,true,VN
CVE-2019-10776,semgrep,nivel_4_generosa,inalterada,10,true,,FN,OK,true,VN
CVE-2019-10776,semgrep,nivel_4_estrita,inalterada,10,true,,FN,OK,true,VN
CVE-2019-10776,snyk-code,nivel_3,inalterada,10,true,,FN,SEM_ACHADOS,true,VN
CVE-2019-10776,snyk-code,nivel_4_generosa,inalterada,10,true,,FN,SEM_ACHADOS,true,VN
CVE-2019-10776,snyk-code,nivel_4_estrita,inalterada,10,true,,FN,SEM_ACHADOS,true,VN
CVE-2019-10777,codeql,nivel_3,inalterada,192,true,,VP,OK,true,FP
CVE-2019-10777,codeql,nivel_4_generosa,inalterada,192,true,,VP,OK,true,FP
CVE-2019-10777,codeql,nivel_4_estrita,inalterada,192,true,,VP,OK,true,FP
CVE-2019-10777,semgrep,nivel_3,inalterada,192,true,,FN,OK,true,VN
CVE-2019-10777,semgrep,nivel_4_generosa,inalterada,192,true,,FN,OK,true,VN
CVE-2019-10777,semgrep,nivel_4_estrita,inalterada,192,true,,FN,OK,true,VN
CVE-2019-10777,snyk-code,nivel_3,inalterada,192,true,,FN,SEM_ACHADOS,true,VN
CVE-2019-10777,snyk-code,nivel_4_generosa,inalterada,192,true,,FN,SEM_ACHADOS,true,VN
CVE-2019-10777,snyk-code,nivel_4_estrita,inalterada,192,true,,FN,SEM_ACHADOS,true,VN
CVE-2019-10778,codeql,nivel_3,inalterada,112,true,,VP,OK,true,FP
CVE-2019-10778,codeql,nivel_4_generosa,inalterada,112,true,,VP,OK,true,FP
CVE-2019-10778,codeql,nivel_4_estrita,inalterada,112,true,,VP,OK,true,FP
CVE-2019-10778,semgrep,nivel_3,inalterada,112,true,,VP,OK,true,FP
CVE-2019-10778,semgrep,nivel_4_generosa,inalterada,112,true,,VP,OK,true,FP
CVE-2019-10778,semgrep,nivel_4_estrita,inalterada,112,true,,VP,OK,true,FP
CVE-2019-10778,snyk-code,nivel_3,inalterada,112,true,,FN,OK,true,VN
CVE-2019-10778,snyk-code,nivel_4_generosa,inalterada,112,true,,FN,OK,true,VN
CVE-2019-10778,snyk-code,nivel_4_estrita,inalterada,112,true,,FN,OK,true,VN
CVE-2019-10781,codeql,nivel_3,trecho,83-83,true,,FN,OK,true,VN
CVE-2019-10781,codeql,nivel_4_generosa,trecho,83-83,true,,FN,OK,true,VN
CVE-2019-10781,codeql,nivel_4_estrita,trecho,83-83,true,,FN,OK,true,VN
CVE-2019-10781,semgrep,nivel_3,trecho,83-83,true,,FN,OK,true,VN
CVE-2019-10781,semgrep,nivel_4_generosa,trecho,83-83,true,,FN,OK,true,VN
CVE-2019-10781,semgrep,nivel_4_estrita,trecho,83-83,true,,FN,OK,true,VN
CVE-2019-10781,snyk-code,nivel_3,trecho,83-83,true,,FN,SEM_ACHADOS,true,VN
CVE-2019-10781,snyk-code,nivel_4_generosa,trecho,83-83,true,,FN,SEM_ACHADOS,true,VN
CVE-2019-10781,snyk-code,nivel_4_estrita,trecho,83-83,true,,FN,SEM_ACHADOS,true,VN
CVE-2019-10785,codeql,nivel_3,trecho,16-18,true,,VP,OK,true,VN
CVE-2019-10785,codeql,nivel_4_generosa,trecho,16-18,true,,VP,OK,true,VN
CVE-2019-10785,codeql,nivel_4_estrita,trecho,16-18,true,,VP,OK,true,VN
CVE-2019-10785,semgrep,nivel_3,trecho,16-18,true,,VP,OK,true,VN
CVE-2019-10785,semgrep,nivel_4_generosa,trecho,16-18,true,,VP,OK,true,VN
CVE-2019-10785,semgrep,nivel_4_estrita,trecho,16-18,true,,VP,OK,true,VN
CVE-2019-10785,snyk-code,nivel_3,trecho,16-18,true,,FN,OK,true,VN
CVE-2019-10785,snyk-code,nivel_4_generosa,trecho,16-18,true,,FN,OK,true,VN
CVE-2019-10785,snyk-code,nivel_4_estrita,trecho,16-18,true,,FN,OK,true,VN
CVE-2019-11358,codeql,nivel_3,inalterada,183,true,,FN,OK,true,VN
CVE-2019-11358,codeql,nivel_4_generosa,inalterada,183,true,,FN,OK,true,VN
CVE-2019-11358,codeql,nivel_4_estrita,inalterada,183,true,,FN,OK,true,VN
CVE-2019-11358,semgrep,nivel_3,inalterada,183,true,,FN,OK,true,VN
CVE-2019-11358,semgrep,nivel_4_generosa,inalterada,183,true,,FN,OK,true,VN
CVE-2019-11358,semgrep,nivel_4_estrita,inalterada,183,true,,FN,OK,true,VN
CVE-2019-11358,snyk-code,nivel_3,inalterada,183,true,,FN,OK,true,VN
CVE-2019-11358,snyk-code,nivel_4_generosa,inalterada,183,true,,FN,OK,true,VN
CVE-2019-11358,snyk-code,nivel_4_estrita,inalterada,183,true,,FN,OK,true,VN
CVE-2019-12041,codeql,nivel_3,inalterada,726,true,,FN,OK,true,VN
CVE-2019-12041,codeql,nivel_4_generosa,inalterada,726,true,,FN,OK,true,VN
CVE-2019-12041,codeql,nivel_4_estrita,inalterada,726,true,,FN,OK,true,VN
CVE-2019-12041,semgrep,nivel_3,inalterada,726,true,,FN,OK,true,VN
CVE-2019-12041,semgrep,nivel_4_generosa,inalterada,726,true,,FN,OK,true,VN
CVE-2019-12041,semgrep,nivel_4_estrita,inalterada,726,true,,FN,OK,true,VN
CVE-2019-12041,snyk-code,nivel_3,inalterada,726,true,,FN,SEM_ACHADOS,true,VN
CVE-2019-12041,snyk-code,nivel_4_generosa,inalterada,726,true,,FN,SEM_ACHADOS,true,VN
CVE-2019-12041,snyk-code,nivel_4_estrita,inalterada,726,true,,FN,SEM_ACHADOS,true,VN
CVE-2019-12043,codeql,nivel_3,trecho,52-53,true,,FN,OK,true,VN
CVE-2019-12043,codeql,nivel_4_generosa,trecho,52-53,true,,FN,OK,true,VN
CVE-2019-12043,codeql,nivel_4_estrita,trecho,52-53,true,,FN,OK,true,VN
CVE-2019-12043,semgrep,nivel_3,trecho,52-53,true,,FN,OK,true,VN
CVE-2019-12043,semgrep,nivel_4_generosa,trecho,52-53,true,,FN,OK,true,VN
CVE-2019-12043,semgrep,nivel_4_estrita,trecho,52-53,true,,FN,OK,true,VN
CVE-2019-12043,snyk-code,nivel_3,trecho,52-53,true,,FN,OK,true,VN
CVE-2019-12043,snyk-code,nivel_4_generosa,trecho,52-53,true,,FN,OK,true,VN
CVE-2019-12043,snyk-code,nivel_4_estrita,trecho,52-53,true,,FN,OK,true,VN
CVE-2019-12313,codeql,nivel_3,trecho,60-66,true,,VP,OK,true,VN
CVE-2019-12313,codeql,nivel_4_generosa,trecho,60-66,true,,VP,OK,true,VN
CVE-2019-12313,codeql,nivel_4_estrita,trecho,60-66,true,,VP,OK,true,VN
CVE-2019-12313,semgrep,nivel_3,trecho,60-66,true,,VP,OK,true,VN
CVE-2019-12313,semgrep,nivel_4_generosa,trecho,60-66,true,,VP,OK,true,VN
CVE-2019-12313,semgrep,nivel_4_estrita,trecho,60-66,true,,VP,OK,true,VN
CVE-2019-12313,snyk-code,nivel_3,trecho,60-66,true,,FN,SEM_ACHADOS,true,VN
CVE-2019-12313,snyk-code,nivel_4_generosa,trecho,60-66,true,,FN,SEM_ACHADOS,true,VN
CVE-2019-12313,snyk-code,nivel_4_estrita,trecho,60-66,true,,FN,SEM_ACHADOS,true,VN
CVE-2019-13127,codeql,nivel_3,inalterada,1047,true,,FN,OK,true,VN
CVE-2019-13127,codeql,nivel_4_generosa,inalterada,1047,true,,FN,OK,true,VN
CVE-2019-13127,codeql,nivel_4_estrita,inalterada,1047,true,,FN,OK,true,VN
CVE-2019-13127,semgrep,nivel_3,inalterada,1047,true,,FN,OK,true,VN
CVE-2019-13127,semgrep,nivel_4_generosa,inalterada,1047,true,,FN,OK,true,VN
CVE-2019-13127,semgrep,nivel_4_estrita,inalterada,1047,true,,FN,OK,true,VN
CVE-2019-13127,snyk-code,nivel_3,inalterada,1047,true,,FN,OK,true,VN
CVE-2019-13127,snyk-code,nivel_4_generosa,inalterada,1047,true,,FN,OK,true,VN
CVE-2019-13127,snyk-code,nivel_4_estrita,inalterada,1047,true,,FN,OK,true,VN
CVE-2019-13173,codeql,nivel_3,inalterada,151,true,,FN,SEM_ACHADOS,true,VN
CVE-2019-13173,codeql,nivel_4_generosa,inalterada,151,true,,FN,SEM_ACHADOS,true,VN
CVE-2019-13173,codeql,nivel_4_estrita,inalterada,151,true,,FN,SEM_ACHADOS,true,VN
CVE-2019-13173,semgrep,nivel_3,inalterada,151,true,,FN,OK,true,VN
CVE-2019-13173,semgrep,nivel_4_generosa,inalterada,151,true,,FN,OK,true,VN
CVE-2019-13173,semgrep,nivel_4_estrita,inalterada,151,true,,FN,OK,true,VN
CVE-2019-13173,snyk-code,nivel_3,inalterada,151,true,,FN,SEM_ACHADOS,true,VN
CVE-2019-13173,snyk-code,nivel_4_generosa,inalterada,151,true,,FN,SEM_ACHADOS,true,VN
CVE-2019-13173,snyk-code,nivel_4_estrita,inalterada,151,true,,FN,SEM_ACHADOS,true,VN
CVE-2019-13506,codeql,nivel_3,inalterada,190,true,,VP,OK,true,VN
CVE-2019-13506,codeql,nivel_4_generosa,inalterada,190,true,,VP,OK,true,VN
CVE-2019-13506,codeql,nivel_4_estrita,inalterada,190,true,,VP,OK,true,VN
CVE-2019-13506,semgrep,nivel_3,inalterada,190,true,,FN,SEM_ACHADOS,true,VN
CVE-2019-13506,semgrep,nivel_4_generosa,inalterada,190,true,,FN,SEM_ACHADOS,true,VN
CVE-2019-13506,semgrep,nivel_4_estrita,inalterada,190,true,,FN,SEM_ACHADOS,true,VN
CVE-2019-13506,snyk-code,nivel_3,inalterada,190,true,,FN,SEM_ACHADOS,true,VN
CVE-2019-13506,snyk-code,nivel_4_generosa,inalterada,190,true,,FN,SEM_ACHADOS,true,VN
CVE-2019-13506,snyk-code,nivel_4_estrita,inalterada,190,true,,FN,SEM_ACHADOS,true,VN
CVE-2019-14772,codeql,nivel_3,trecho,9-11,true,,FN,OK,true,VN
CVE-2019-14772,codeql,nivel_4_generosa,trecho,9-11,true,,FN,OK,true,VN
CVE-2019-14772,codeql,nivel_4_estrita,trecho,9-11,true,,FN,OK,true,VN
CVE-2019-14772,semgrep,nivel_3,trecho,9-11,true,,VP,OK,true,FP
CVE-2019-14772,semgrep,nivel_4_generosa,trecho,9-11,true,,VP,OK,true,FP
CVE-2019-14772,semgrep,nivel_4_estrita,trecho,9-11,true,,VP,OK,true,FP
CVE-2019-14772,snyk-code,nivel_3,trecho,9-11,true,,FN,OK,true,VN
CVE-2019-14772,snyk-code,nivel_4_generosa,trecho,9-11,true,,FN,OK,true,VN
CVE-2019-14772,snyk-code,nivel_4_estrita,trecho,9-11,true,,FN,OK,true,VN
CVE-2019-14862,codeql,nivel_3,trecho,485-486,true,,FN,OK,true,VN
CVE-2019-14862,codeql,nivel_4_generosa,trecho,485-486,true,,FN,OK,true,VN
CVE-2019-14862,codeql,nivel_4_estrita,trecho,485-486,true,,FN,OK,true,VN
CVE-2019-14862,semgrep,nivel_3,trecho,485-486,true,,FN,OK,true,VN
CVE-2019-14862,semgrep,nivel_4_generosa,trecho,485-486,true,,FN,OK,true,VN
CVE-2019-14862,semgrep,nivel_4_estrita,trecho,485-486,true,,FN,OK,true,VN
CVE-2019-14862,snyk-code,nivel_3,trecho,485-486,true,,FN,SEM_ACHADOS,true,VN
CVE-2019-14862,snyk-code,nivel_4_generosa,trecho,485-486,true,,FN,SEM_ACHADOS,true,VN
CVE-2019-14862,snyk-code,nivel_4_estrita,trecho,485-486,true,,FN,SEM_ACHADOS,true,VN
CVE-2019-15478,codeql,nivel_3,trecho,44-44,true,,VP,OK,true,VN
CVE-2019-15478,codeql,nivel_4_generosa,trecho,44-44,true,,VP,OK,true,VN
CVE-2019-15478,codeql,nivel_4_estrita,trecho,44-44,true,,VP,OK,true,VN
CVE-2019-15478,semgrep,nivel_3,trecho,44-44,true,,FN,OK,true,VN
CVE-2019-15478,semgrep,nivel_4_generosa,trecho,44-44,true,,FN,OK,true,VN
CVE-2019-15478,semgrep,nivel_4_estrita,trecho,44-44,true,,FN,OK,true,VN
CVE-2019-15478,snyk-code,nivel_3,trecho,44-44,true,,VP,OK,true,FP
CVE-2019-15478,snyk-code,nivel_4_generosa,trecho,44-44,true,,FN,OK,true,VN
CVE-2019-15478,snyk-code,nivel_4_estrita,trecho,44-44,true,,FN,OK,true,VN
CVE-2019-15479,codeql,nivel_3,inalterada,93,true,,VP,OK,true,VN
CVE-2019-15479,codeql,nivel_4_generosa,inalterada,93,true,,VP,OK,true,VN
CVE-2019-15479,codeql,nivel_4_estrita,inalterada,93,true,,VP,OK,true,VN
CVE-2019-15479,semgrep,nivel_3,inalterada,93,true,,FN,OK,true,VN
CVE-2019-15479,semgrep,nivel_4_generosa,inalterada,93,true,,FN,OK,true,VN
CVE-2019-15479,semgrep,nivel_4_estrita,inalterada,93,true,,FN,OK,true,VN
CVE-2019-15479,snyk-code,nivel_3,inalterada,93,true,,VP,OK,true,FP
CVE-2019-15479,snyk-code,nivel_4_generosa,inalterada,93,true,,FN,OK,true,VN
CVE-2019-15479,snyk-code,nivel_4_estrita,inalterada,93,true,,FN,OK,true,VN
CVE-2019-15482,codeql,nivel_3,trecho,28-30,true,,VP,OK,true,VN
CVE-2019-15482,codeql,nivel_4_generosa,trecho,28-30,true,,VP,OK,true,VN
CVE-2019-15482,codeql,nivel_4_estrita,trecho,28-30,true,,VP,OK,true,VN
CVE-2019-15482,semgrep,nivel_3,trecho,28-30,true,,FN,OK,true,VN
CVE-2019-15482,semgrep,nivel_4_generosa,trecho,28-30,true,,FN,OK,true,VN
CVE-2019-15482,semgrep,nivel_4_estrita,trecho,28-30,true,,FN,OK,true,VN
CVE-2019-15482,snyk-code,nivel_3,trecho,28-30,true,,FN,SEM_ACHADOS,true,VN
CVE-2019-15482,snyk-code,nivel_4_generosa,trecho,28-30,true,,FN,SEM_ACHADOS,true,VN
CVE-2019-15482,snyk-code,nivel_4_estrita,trecho,28-30,true,,FN,SEM_ACHADOS,true,VN
CVE-2019-15532,codeql,nivel_3,trecho,82-82,true,,FN,OK,true,VN
CVE-2019-15532,codeql,nivel_4_generosa,trecho,82-82,true,,FN,OK,true,VN
CVE-2019-15532,codeql,nivel_4_estrita,trecho,82-82,true,,FN,OK,true,VN
CVE-2019-15532,semgrep,nivel_3,trecho,82-82,true,,FN,OK,true,VN
CVE-2019-15532,semgrep,nivel_4_generosa,trecho,82-82,true,,FN,OK,true,VN
CVE-2019-15532,semgrep,nivel_4_estrita,trecho,82-82,true,,FN,OK,true,VN
CVE-2019-15532,snyk-code,nivel_3,trecho,82-82,true,,FN,OK,true,VN
CVE-2019-15532,snyk-code,nivel_4_generosa,trecho,82-82,true,,FN,OK,true,VN
CVE-2019-15532,snyk-code,nivel_4_estrita,trecho,82-82,true,,FN,OK,true,VN
CVE-2019-15657,codeql,nivel_3,trecho,250-255,true,,FN,SEM_ACHADOS,true,VN
CVE-2019-15657,codeql,nivel_4_generosa,trecho,250-255,true,,FN,SEM_ACHADOS,true,VN
CVE-2019-15657,codeql,nivel_4_estrita,trecho,250-255,true,,FN,SEM_ACHADOS,true,VN
CVE-2019-15657,semgrep,nivel_3,trecho,250-255,true,,FN,OK,true,VN
CVE-2019-15657,semgrep,nivel_4_generosa,trecho,250-255,true,,FN,OK,true,VN
CVE-2019-15657,semgrep,nivel_4_estrita,trecho,250-255,true,,FN,OK,true,VN
CVE-2019-15657,snyk-code,nivel_3,trecho,250-255,true,,FN,SEM_ACHADOS,true,VN
CVE-2019-15657,snyk-code,nivel_4_generosa,trecho,250-255,true,,FN,SEM_ACHADOS,true,VN
CVE-2019-15657,snyk-code,nivel_4_estrita,trecho,250-255,true,,FN,SEM_ACHADOS,true,VN
CVE-2019-15658,codeql,nivel_3,inalterada,181,true,,FN,OK,true,VN
CVE-2019-15658,codeql,nivel_4_generosa,inalterada,181,true,,FN,OK,true,VN
CVE-2019-15658,codeql,nivel_4_estrita,inalterada,181,true,,FN,OK,true,VN
CVE-2019-15658,semgrep,nivel_3,inalterada,181,true,,FN,SEM_ACHADOS,true,VN
CVE-2019-15658,semgrep,nivel_4_generosa,inalterada,181,true,,FN,SEM_ACHADOS,true,VN
CVE-2019-15658,semgrep,nivel_4_estrita,inalterada,181,true,,FN,SEM_ACHADOS,true,VN
CVE-2019-15658,snyk-code,nivel_3,inalterada,181,true,,FN,OK,true,VN
CVE-2019-15658,snyk-code,nivel_4_generosa,inalterada,181,true,,FN,OK,true,VN
CVE-2019-15658,snyk-code,nivel_4_estrita,inalterada,181,true,,FN,OK,true,VN
CVE-2019-15782,codeql,nivel_3,inalterada,175,true,,FN,OK,true,VN
CVE-2019-15782,codeql,nivel_4_generosa,inalterada,175,true,,FN,OK,true,VN
CVE-2019-15782,codeql,nivel_4_estrita,inalterada,175,true,,FN,OK,true,VN
CVE-2019-15782,semgrep,nivel_3,inalterada,175,true,,FN,OK,true,VN
CVE-2019-15782,semgrep,nivel_4_generosa,inalterada,175,true,,FN,OK,true,VN
CVE-2019-15782,semgrep,nivel_4_estrita,inalterada,175,true,,FN,OK,true,VN
CVE-2019-15782,snyk-code,nivel_3,inalterada,175,true,,FN,OK,true,VN
CVE-2019-15782,snyk-code,nivel_4_generosa,inalterada,175,true,,FN,OK,true,VN
CVE-2019-15782,snyk-code,nivel_4_estrita,inalterada,175,true,,FN,OK,true,VN
CVE-2019-16763,codeql,nivel_3,trecho,2384-2391,true,,VP,OK,true,FP
CVE-2019-16763,codeql,nivel_4_generosa,trecho,2384-2391,true,,VP,OK,true,FP
CVE-2019-16763,codeql,nivel_4_estrita,trecho,2384-2391,true,,VP,OK,true,FP
CVE-2019-16763,semgrep,nivel_3,trecho,2384-2391,true,,FN,OK,true,VN
CVE-2019-16763,semgrep,nivel_4_generosa,trecho,2384-2391,true,,FN,OK,true,VN
CVE-2019-16763,semgrep,nivel_4_estrita,trecho,2384-2391,true,,FN,OK,true,VN
CVE-2019-16763,snyk-code,nivel_3,trecho,2384-2391,true,,FN,SEM_ACHADOS,true,VN
CVE-2019-16763,snyk-code,nivel_4_generosa,trecho,2384-2391,true,,FN,SEM_ACHADOS,true,VN
CVE-2019-16763,snyk-code,nivel_4_estrita,trecho,2384-2391,true,,FN,SEM_ACHADOS,true,VN
CVE-2019-16769,codeql,nivel_3,trecho,191-191,true,,FN,OK,true,VN
CVE-2019-16769,codeql,nivel_4_generosa,trecho,191-191,true,,FN,OK,true,VN
CVE-2019-16769,codeql,nivel_4_estrita,trecho,191-191,true,,FN,OK,true,VN
CVE-2019-16769,semgrep,nivel_3,trecho,191-191,true,,FN,SEM_ACHADOS,true,VN
CVE-2019-16769,semgrep,nivel_4_generosa,trecho,191-191,true,,FN,SEM_ACHADOS,true,VN
CVE-2019-16769,semgrep,nivel_4_estrita,trecho,191-191,true,,FN,SEM_ACHADOS,true,VN
CVE-2019-16769,snyk-code,nivel_3,trecho,191-191,true,,FN,SEM_ACHADOS,true,VN
CVE-2019-16769,snyk-code,nivel_4_generosa,trecho,191-191,true,,FN,SEM_ACHADOS,true,VN
CVE-2019-16769,snyk-code,nivel_4_estrita,trecho,191-191,true,,FN,SEM_ACHADOS,true,VN
CVE-2019-17495,codeql,nivel_3,inalterada,41,true,,FN,OK,true,VN
CVE-2019-17495,codeql,nivel_4_generosa,inalterada,41,true,,FN,OK,true,VN
CVE-2019-17495,codeql,nivel_4_estrita,inalterada,41,true,,FN,OK,true,VN
CVE-2019-17495,semgrep,nivel_3,inalterada,41,true,,VP,OK,true,FP
CVE-2019-17495,semgrep,nivel_4_generosa,inalterada,41,true,,VP,OK,true,FP
CVE-2019-17495,semgrep,nivel_4_estrita,inalterada,41,true,,VP,OK,true,FP
CVE-2019-17495,snyk-code,nivel_3,inalterada,41,true,,FN,OK,true,VN
CVE-2019-17495,snyk-code,nivel_4_generosa,inalterada,41,true,,FN,OK,true,VN
CVE-2019-17495,snyk-code,nivel_4_estrita,inalterada,41,true,,FN,OK,true,VN
CVE-2019-17592,codeql,nivel_3,trecho,757-762,true,,FN,SEM_ACHADOS,true,VN
CVE-2019-17592,codeql,nivel_4_generosa,trecho,757-762,true,,FN,SEM_ACHADOS,true,VN
CVE-2019-17592,codeql,nivel_4_estrita,trecho,757-762,true,,FN,SEM_ACHADOS,true,VN
CVE-2019-17592,semgrep,nivel_3,trecho,757-762,true,,FN,SEM_ACHADOS,true,VN
CVE-2019-17592,semgrep,nivel_4_generosa,trecho,757-762,true,,FN,SEM_ACHADOS,true,VN
CVE-2019-17592,semgrep,nivel_4_estrita,trecho,757-762,true,,FN,SEM_ACHADOS,true,VN
CVE-2019-17592,snyk-code,nivel_3,trecho,757-762,true,,FN,SEM_ACHADOS,true,VN
CVE-2019-17592,snyk-code,nivel_4_generosa,trecho,757-762,true,,FN,SEM_ACHADOS,true,VN
CVE-2019-17592,snyk-code,nivel_4_estrita,trecho,757-762,true,,FN,SEM_ACHADOS,true,VN
CVE-2019-18350,codeql,nivel_3,trecho,56-56,true,,VP,OK,true,VN
CVE-2019-18350,codeql,nivel_4_generosa,trecho,56-56,true,,VP,OK,true,VN
CVE-2019-18350,codeql,nivel_4_estrita,trecho,56-56,true,,VP,OK,true,VN
CVE-2019-18350,semgrep,nivel_3,trecho,56-56,true,,FN,OK,true,VN
CVE-2019-18350,semgrep,nivel_4_generosa,trecho,56-56,true,,FN,OK,true,VN
CVE-2019-18350,semgrep,nivel_4_estrita,trecho,56-56,true,,FN,OK,true,VN
CVE-2019-18350,snyk-code,nivel_3,trecho,56-56,true,,FN,OK,true,VN
CVE-2019-18350,snyk-code,nivel_4_generosa,trecho,56-56,true,,FN,OK,true,VN
CVE-2019-18350,snyk-code,nivel_4_estrita,trecho,56-56,true,,FN,OK,true,VN
CVE-2019-18818,codeql,nivel_3,trecho,253-253,true,,FN,OK,true,VN
CVE-2019-18818,codeql,nivel_4_generosa,trecho,253-253,true,,FN,OK,true,VN
CVE-2019-18818,codeql,nivel_4_estrita,trecho,253-253,true,,FN,OK,true,VN
CVE-2019-18818,semgrep,nivel_3,trecho,253-253,true,,FN,OK,true,VN
CVE-2019-18818,semgrep,nivel_4_generosa,trecho,253-253,true,,FN,OK,true,VN
CVE-2019-18818,semgrep,nivel_4_estrita,trecho,253-253,true,,FN,OK,true,VN
CVE-2019-18818,snyk-code,nivel_3,trecho,253-253,true,,FN,OK,true,VN
CVE-2019-18818,snyk-code,nivel_4_generosa,trecho,253-253,true,,FN,OK,true,VN
CVE-2019-18818,snyk-code,nivel_4_estrita,trecho,253-253,true,,FN,OK,true,VN
CVE-2019-18954,codeql,nivel_3,inalterada,59,true,,FN,OK,true,VN
CVE-2019-18954,codeql,nivel_4_generosa,inalterada,59,true,,FN,OK,true,VN
CVE-2019-18954,codeql,nivel_4_estrita,inalterada,59,true,,FN,OK,true,VN
CVE-2019-18954,semgrep,nivel_3,inalterada,59,true,,FN,OK,true,VN
CVE-2019-18954,semgrep,nivel_4_generosa,inalterada,59,true,,FN,OK,true,VN
CVE-2019-18954,semgrep,nivel_4_estrita,inalterada,59,true,,FN,OK,true,VN
CVE-2019-18954,snyk-code,nivel_3,inalterada,59,true,,FN,OK,true,VN
CVE-2019-18954,snyk-code,nivel_4_generosa,inalterada,59,true,,FN,OK,true,VN
CVE-2019-18954,snyk-code,nivel_4_estrita,inalterada,59,true,,FN,OK,true,VN
CVE-2019-19507,codeql,nivel_3,trecho,121-121,true,,FN,OK,true,VN
CVE-2019-19507,codeql,nivel_4_generosa,trecho,121-121,true,,FN,OK,true,VN
CVE-2019-19507,codeql,nivel_4_estrita,trecho,121-121,true,,FN,OK,true,VN
CVE-2019-19507,semgrep,nivel_3,trecho,121-121,true,,FN,OK,true,VN
CVE-2019-19507,semgrep,nivel_4_generosa,trecho,121-121,true,,FN,OK,true,VN
CVE-2019-19507,semgrep,nivel_4_estrita,trecho,121-121,true,,FN,OK,true,VN
CVE-2019-19507,snyk-code,nivel_3,trecho,121-121,true,,FN,SEM_ACHADOS,true,VN
CVE-2019-19507,snyk-code,nivel_4_generosa,trecho,121-121,true,,FN,SEM_ACHADOS,true,VN
CVE-2019-19507,snyk-code,nivel_4_estrita,trecho,121-121,true,,FN,SEM_ACHADOS,true,VN
CVE-2019-20149,codeql,nivel_3,trecho,69-69,true,,FN,SEM_ACHADOS,true,VN
CVE-2019-20149,codeql,nivel_4_generosa,trecho,69-69,true,,FN,SEM_ACHADOS,true,VN
CVE-2019-20149,codeql,nivel_4_estrita,trecho,69-69,true,,FN,SEM_ACHADOS,true,VN
CVE-2019-20149,semgrep,nivel_3,trecho,69-69,true,,FN,SEM_ACHADOS,true,VN
CVE-2019-20149,semgrep,nivel_4_generosa,trecho,69-69,true,,FN,SEM_ACHADOS,true,VN
CVE-2019-20149,semgrep,nivel_4_estrita,trecho,69-69,true,,FN,SEM_ACHADOS,true,VN
CVE-2019-20149,snyk-code,nivel_3,trecho,69-69,true,,FN,SEM_ACHADOS,true,VN
CVE-2019-20149,snyk-code,nivel_4_generosa,trecho,69-69,true,,FN,SEM_ACHADOS,true,VN
CVE-2019-20149,snyk-code,nivel_4_estrita,trecho,69-69,true,,FN,SEM_ACHADOS,true,VN
CVE-2019-20174,codeql,nivel_3,trecho,17-21,true,,FN,OK,true,VN
CVE-2019-20174,codeql,nivel_4_generosa,trecho,17-21,true,,FN,OK,true,VN
CVE-2019-20174,codeql,nivel_4_estrita,trecho,17-21,true,,FN,OK,true,VN
CVE-2019-20174,semgrep,nivel_3,trecho,17-21,true,,FN,OK,true,VN
CVE-2019-20174,semgrep,nivel_4_generosa,trecho,17-21,true,,FN,OK,true,VN
CVE-2019-20174,semgrep,nivel_4_estrita,trecho,17-21,true,,FN,OK,true,VN
CVE-2019-20174,snyk-code,nivel_3,trecho,17-21,true,,FN,OK,true,VN
CVE-2019-20174,snyk-code,nivel_4_generosa,trecho,17-21,true,,FN,OK,true,VN
CVE-2019-20174,snyk-code,nivel_4_estrita,trecho,17-21,true,,FN,OK,true,VN
CVE-2019-5413,codeql,nivel_3,inalterada,391,true,,FN,SEM_ACHADOS,true,VN
CVE-2019-5413,codeql,nivel_4_generosa,inalterada,391,true,,FN,SEM_ACHADOS,true,VN
CVE-2019-5413,codeql,nivel_4_estrita,inalterada,391,true,,FN,SEM_ACHADOS,true,VN
CVE-2019-5413,semgrep,nivel_3,inalterada,391,true,,FN,SEM_ACHADOS,true,VN
CVE-2019-5413,semgrep,nivel_4_generosa,inalterada,391,true,,FN,SEM_ACHADOS,true,VN
CVE-2019-5413,semgrep,nivel_4_estrita,inalterada,391,true,,FN,SEM_ACHADOS,true,VN
CVE-2019-5413,snyk-code,nivel_3,inalterada,391,true,,FN,OK,true,VN
CVE-2019-5413,snyk-code,nivel_4_generosa,inalterada,391,true,,FN,OK,true,VN
CVE-2019-5413,snyk-code,nivel_4_estrita,inalterada,391,true,,FN,OK,true,VN
CVE-2019-5414,codeql,nivel_3,inalterada,20,true,,VP,SEM_ACHADOS,true,VN
CVE-2019-5414,codeql,nivel_4_generosa,inalterada,20,true,,VP,SEM_ACHADOS,true,VN
CVE-2019-5414,codeql,nivel_4_estrita,inalterada,20,true,,VP,SEM_ACHADOS,true,VN
CVE-2019-5414,semgrep,nivel_3,inalterada,20,true,,FN,OK,true,VN
CVE-2019-5414,semgrep,nivel_4_generosa,inalterada,20,true,,FN,OK,true,VN
CVE-2019-5414,semgrep,nivel_4_estrita,inalterada,20,true,,FN,OK,true,VN
CVE-2019-5414,snyk-code,nivel_3,inalterada,20,true,,FN,OK,true,VN
CVE-2019-5414,snyk-code,nivel_4_generosa,inalterada,20,true,,FN,OK,true,VN
CVE-2019-5414,snyk-code,nivel_4_estrita,inalterada,20,true,,FN,OK,true,VN
CVE-2019-5423,codeql,nivel_3,trecho,72-74,true,,VP,OK,true,VN
CVE-2019-5423,codeql,nivel_4_generosa,trecho,72-74,true,,VP,OK,true,VN
CVE-2019-5423,codeql,nivel_4_estrita,trecho,72-74,true,,VP,OK,true,VN
CVE-2019-5423,semgrep,nivel_3,trecho,72-74,true,,FN,OK,true,VN
CVE-2019-5423,semgrep,nivel_4_generosa,trecho,72-74,true,,FN,OK,true,VN
CVE-2019-5423,semgrep,nivel_4_estrita,trecho,72-74,true,,FN,OK,true,VN
CVE-2019-5423,snyk-code,nivel_3,trecho,72-74,true,,FN,SEM_ARQUIVO_ANALISAVEL,false,sem_analise
CVE-2019-5423,snyk-code,nivel_4_generosa,trecho,72-74,true,,FN,SEM_ARQUIVO_ANALISAVEL,false,sem_analise
CVE-2019-5423,snyk-code,nivel_4_estrita,trecho,72-74,true,,FN,SEM_ARQUIVO_ANALISAVEL,false,sem_analise
CVE-2019-5444,codeql,nivel_3,inalterada,35,true,,VP,OK,true,FP
CVE-2019-5444,codeql,nivel_4_generosa,inalterada,35,true,,VP,OK,true,FP
CVE-2019-5444,codeql,nivel_4_estrita,inalterada,35,true,,VP,OK,true,FP
CVE-2019-5444,semgrep,nivel_3,inalterada,35,true,,FN,OK,true,VN
CVE-2019-5444,semgrep,nivel_4_generosa,inalterada,35,true,,FN,OK,true,VN
CVE-2019-5444,semgrep,nivel_4_estrita,inalterada,35,true,,FN,OK,true,VN
CVE-2019-5444,snyk-code,nivel_3,inalterada,35,true,,VP,OK,true,FP
CVE-2019-5444,snyk-code,nivel_4_generosa,inalterada,35,true,,FN,OK,true,VN
CVE-2019-5444,snyk-code,nivel_4_estrita,inalterada,35,true,,FN,OK,true,VN
CVE-2019-5479,codeql,nivel_3,inalterada,179,true,,FN,SEM_ACHADOS,true,VN
CVE-2019-5479,codeql,nivel_4_generosa,inalterada,179,true,,FN,SEM_ACHADOS,true,VN
CVE-2019-5479,codeql,nivel_4_estrita,inalterada,179,true,,FN,SEM_ACHADOS,true,VN
CVE-2019-5479,semgrep,nivel_3,inalterada,179,true,,VP,OK,true,FP
CVE-2019-5479,semgrep,nivel_4_generosa,inalterada,179,true,,VP,OK,true,FP
CVE-2019-5479,semgrep,nivel_4_estrita,inalterada,179,true,,VP,OK,true,FP
CVE-2019-5479,snyk-code,nivel_3,inalterada,179,true,,VP,OK,true,FP
CVE-2019-5479,snyk-code,nivel_4_generosa,inalterada,179,true,,FN,OK,true,VN
CVE-2019-5479,snyk-code,nivel_4_estrita,inalterada,179,true,,FN,OK,true,VN
CVE-2019-5483,codeql,nivel_3,inalterada,138,true,,VP,OK,true,FP
CVE-2019-5483,codeql,nivel_4_generosa,inalterada,138,true,,VP,OK,true,FP
CVE-2019-5483,codeql,nivel_4_estrita,inalterada,138,true,,VP,OK,true,FP
CVE-2019-5483,semgrep,nivel_3,inalterada,138,true,,FN,OK,true,VN
CVE-2019-5483,semgrep,nivel_4_generosa,inalterada,138,true,,FN,OK,true,VN
CVE-2019-5483,semgrep,nivel_4_estrita,inalterada,138,true,,FN,OK,true,VN
CVE-2019-5483,snyk-code,nivel_3,inalterada,138,true,,FN,OK,true,VN
CVE-2019-5483,snyk-code,nivel_4_generosa,inalterada,138,true,,FN,OK,true,VN
CVE-2019-5483,snyk-code,nivel_4_estrita,inalterada,138,true,,FN,OK,true,VN
CVE-2019-5484,codeql,nivel_3,inalterada,65,true,,FN,OK,true,VN
CVE-2019-5484,codeql,nivel_4_generosa,inalterada,65,true,,FN,OK,true,VN
CVE-2019-5484,codeql,nivel_4_estrita,inalterada,65,true,,FN,OK,true,VN
CVE-2019-5484,semgrep,nivel_3,inalterada,65,true,,FN,OK,true,VN
CVE-2019-5484,semgrep,nivel_4_generosa,inalterada,65,true,,FN,OK,true,VN
CVE-2019-5484,semgrep,nivel_4_estrita,inalterada,65,true,,FN,OK,true,VN
CVE-2019-5484,snyk-code,nivel_3,inalterada,65,true,,FN,OK,true,VN
CVE-2019-5484,snyk-code,nivel_4_generosa,inalterada,65,true,,FN,OK,true,VN
CVE-2019-5484,snyk-code,nivel_4_estrita,inalterada,65,true,,FN,OK,true,VN
CVE-2019-8331,codeql,nivel_3,trecho,453-453,true,,VP,OK,true,VN
CVE-2019-8331,codeql,nivel_4_generosa,trecho,453-453,true,,VP,OK,true,VN
CVE-2019-8331,codeql,nivel_4_estrita,trecho,453-453,true,,VP,OK,true,VN
CVE-2019-8331,semgrep,nivel_3,trecho,453-453,true,,FN,OK,true,VN
CVE-2019-8331,semgrep,nivel_4_generosa,trecho,453-453,true,,FN,OK,true,VN
CVE-2019-8331,semgrep,nivel_4_estrita,trecho,453-453,true,,FN,OK,true,VN
CVE-2019-8331,snyk-code,nivel_3,trecho,453-453,true,,FN,OK,true,VN
CVE-2019-8331,snyk-code,nivel_4_generosa,trecho,453-453,true,,FN,OK,true,VN
CVE-2019-8331,snyk-code,nivel_4_estrita,trecho,453-453,true,,FN,OK,true,VN
CVE-2019-8903,codeql,nivel_3,trecho,7329-7341,true,,VP,OK,true,VN
CVE-2019-8903,codeql,nivel_4_generosa,trecho,7329-7341,true,,VP,OK,true,VN
CVE-2019-8903,codeql,nivel_4_estrita,trecho,7329-7341,true,,VP,OK,true,VN
CVE-2019-8903,semgrep,nivel_3,trecho,7329-7341,true,,FN,OK,true,VN
CVE-2019-8903,semgrep,nivel_4_generosa,trecho,7329-7341,true,,FN,OK,true,VN
CVE-2019-8903,semgrep,nivel_4_estrita,trecho,7329-7341,true,,FN,OK,true,VN
CVE-2019-8903,snyk-code,nivel_3,trecho,7329-7341,true,,FN,OK,true,VN
CVE-2019-8903,snyk-code,nivel_4_generosa,trecho,7329-7341,true,,FN,OK,true,VN
CVE-2019-8903,snyk-code,nivel_4_estrita,trecho,7329-7341,true,,FN,OK,true,VN
CVE-2019-9844,codeql,nivel_3,trecho,564-564,true,,VP,OK,true,VN
CVE-2019-9844,codeql,nivel_4_generosa,trecho,564-564,true,,VP,OK,true,VN
CVE-2019-9844,codeql,nivel_4_estrita,trecho,564-564,true,,VP,OK,true,VN
CVE-2019-9844,semgrep,nivel_3,trecho,564-564,true,,FN,OK,true,VN
CVE-2019-9844,semgrep,nivel_4_generosa,trecho,564-564,true,,FN,OK,true,VN
CVE-2019-9844,semgrep,nivel_4_estrita,trecho,564-564,true,,FN,OK,true,VN
CVE-2019-9844,snyk-code,nivel_3,trecho,564-564,true,,FN,SEM_ACHADOS,true,VN
CVE-2019-9844,snyk-code,nivel_4_generosa,trecho,564-564,true,,FN,SEM_ACHADOS,true,VN
CVE-2019-9844,snyk-code,nivel_4_estrita,trecho,564-564,true,,FN,SEM_ACHADOS,true,VN
CVE-2020-11021,codeql,nivel_3,inalterada,482,true,,FN,SEM_ACHADOS,true,VN
CVE-2020-11021,codeql,nivel_4_generosa,inalterada,482,true,,FN,SEM_ACHADOS,true,VN
CVE-2020-11021,codeql,nivel_4_estrita,inalterada,482,true,,FN,SEM_ACHADOS,true,VN
CVE-2020-11021,semgrep,nivel_3,inalterada,482,true,,FN,OK,true,VN
CVE-2020-11021,semgrep,nivel_4_generosa,inalterada,482,true,,FN,OK,true,VN
CVE-2020-11021,semgrep,nivel_4_estrita,inalterada,482,true,,FN,OK,true,VN
CVE-2020-11021,snyk-code,nivel_3,inalterada,482,true,,FN,OK,true,VN
CVE-2020-11021,snyk-code,nivel_4_generosa,inalterada,482,true,,FN,OK,true,VN
CVE-2020-11021,snyk-code,nivel_4_estrita,inalterada,482,true,,FN,OK,true,VN
CVE-2020-11022,codeql,nivel_3,trecho,232-232,true,,VP,OK,true,VN
CVE-2020-11022,codeql,nivel_4_generosa,trecho,232-232,true,,VP,OK,true,VN
CVE-2020-11022,codeql,nivel_4_estrita,trecho,232-232,true,,VP,OK,true,VN
CVE-2020-11022,semgrep,nivel_3,trecho,232-232,true,,FN,OK,true,VN
CVE-2020-11022,semgrep,nivel_4_generosa,trecho,232-232,true,,FN,OK,true,VN
CVE-2020-11022,semgrep,nivel_4_estrita,trecho,232-232,true,,FN,OK,true,VN
CVE-2020-11022,snyk-code,nivel_3,trecho,232-232,true,,FN,OK,true,VN
CVE-2020-11022,snyk-code,nivel_4_generosa,trecho,232-232,true,,FN,OK,true,VN
CVE-2020-11022,snyk-code,nivel_4_estrita,trecho,232-232,true,,FN,OK,true,VN
CVE-2020-11059,codeql,nivel_3,trecho,111-116,true,,VP,OK,true,VN
CVE-2020-11059,codeql,nivel_4_generosa,trecho,111-116,true,,VP,OK,true,VN
CVE-2020-11059,codeql,nivel_4_estrita,trecho,111-116,true,,VP,OK,true,VN
CVE-2020-11059,semgrep,nivel_3,trecho,111-116,true,,FN,OK,true,VN
CVE-2020-11059,semgrep,nivel_4_generosa,trecho,111-116,true,,FN,OK,true,VN
CVE-2020-11059,semgrep,nivel_4_estrita,trecho,111-116,true,,FN,OK,true,VN
CVE-2020-11059,snyk-code,nivel_3,trecho,111-116,true,,FN,OK,true,VN
CVE-2020-11059,snyk-code,nivel_4_generosa,trecho,111-116,true,,FN,OK,true,VN
CVE-2020-11059,snyk-code,nivel_4_estrita,trecho,111-116,true,,FN,OK,true,VN
CVE-2020-11079,codeql,nivel_3,inalterada,52,true,,VP,OK,true,FP
CVE-2020-11079,codeql,nivel_4_generosa,inalterada,52,true,,VP,OK,true,FP
CVE-2020-11079,codeql,nivel_4_estrita,inalterada,52,true,,VP,OK,true,FP
CVE-2020-11079,semgrep,nivel_3,inalterada,52,true,,VP,OK,true,FP
CVE-2020-11079,semgrep,nivel_4_generosa,inalterada,52,true,,VP,OK,true,FP
CVE-2020-11079,semgrep,nivel_4_estrita,inalterada,52,true,,VP,OK,true,FP
CVE-2020-11079,snyk-code,nivel_3,inalterada,52,true,,FN,SEM_ACHADOS,true,VN
CVE-2020-11079,snyk-code,nivel_4_generosa,inalterada,52,true,,FN,SEM_ACHADOS,true,VN
CVE-2020-11079,snyk-code,nivel_4_estrita,inalterada,52,true,,FN,SEM_ACHADOS,true,VN
CVE-2020-12265,codeql,nivel_3,trecho,82-84,true,,FN,SEM_ACHADOS,true,VN
CVE-2020-12265,codeql,nivel_4_generosa,trecho,82-84,true,,FN,SEM_ACHADOS,true,VN
CVE-2020-12265,codeql,nivel_4_estrita,trecho,82-84,true,,FN,SEM_ACHADOS,true,VN
CVE-2020-12265,semgrep,nivel_3,trecho,82-84,true,,FN,OK,true,VN
CVE-2020-12265,semgrep,nivel_4_generosa,trecho,82-84,true,,FN,OK,true,VN
CVE-2020-12265,semgrep,nivel_4_estrita,trecho,82-84,true,,FN,OK,true,VN
CVE-2020-12265,snyk-code,nivel_3,trecho,82-84,true,,FN,SEM_ACHADOS,true,VN
CVE-2020-12265,snyk-code,nivel_4_generosa,trecho,82-84,true,,FN,SEM_ACHADOS,true,VN
CVE-2020-12265,snyk-code,nivel_4_estrita,trecho,82-84,true,,FN,SEM_ACHADOS,true,VN
CVE-2020-14000,codeql,nivel_3,inalterada,20,true,,FN,OK,true,VN
CVE-2020-14000,codeql,nivel_4_generosa,inalterada,20,true,,FN,OK,true,VN
CVE-2020-14000,codeql,nivel_4_estrita,inalterada,20,true,,FN,OK,true,VN
CVE-2020-14000,semgrep,nivel_3,inalterada,20,true,,FN,OK,true,VN
CVE-2020-14000,semgrep,nivel_4_generosa,inalterada,20,true,,FN,OK,true,VN
CVE-2020-14000,semgrep,nivel_4_estrita,inalterada,20,true,,FN,OK,true,VN
CVE-2020-14000,snyk-code,nivel_3,inalterada,20,true,,FN,OK,true,VN
CVE-2020-14000,snyk-code,nivel_4_generosa,inalterada,20,true,,FN,OK,true,VN
CVE-2020-14000,snyk-code,nivel_4_estrita,inalterada,20,true,,FN,OK,true,VN
CVE-2020-15092,codeql,nivel_3,inalterada,263,true,,FN,OK,true,VN
CVE-2020-15092,codeql,nivel_4_generosa,inalterada,263,true,,FN,OK,true,VN
CVE-2020-15092,codeql,nivel_4_estrita,inalterada,263,true,,FN,OK,true,VN
CVE-2020-15092,semgrep,nivel_3,inalterada,263,true,,FN,OK,true,VN
CVE-2020-15092,semgrep,nivel_4_generosa,inalterada,263,true,,FN,OK,true,VN
CVE-2020-15092,semgrep,nivel_4_estrita,inalterada,263,true,,FN,OK,true,VN
CVE-2020-15092,snyk-code,nivel_3,inalterada,263,true,,FN,OK,true,VN
CVE-2020-15092,snyk-code,nivel_4_generosa,inalterada,263,true,,FN,OK,true,VN
CVE-2020-15092,snyk-code,nivel_4_estrita,inalterada,263,true,,FN,OK,true,VN
CVE-2020-15095,codeql,nivel_3,trecho,23-25,true,,FN,OK,true,VN
CVE-2020-15095,codeql,nivel_4_generosa,trecho,23-25,true,,FN,OK,true,VN
CVE-2020-15095,codeql,nivel_4_estrita,trecho,23-25,true,,FN,OK,true,VN
CVE-2020-15095,semgrep,nivel_3,trecho,23-25,true,,FN,OK,true,VN
CVE-2020-15095,semgrep,nivel_4_generosa,trecho,23-25,true,,FN,OK,true,VN
CVE-2020-15095,semgrep,nivel_4_estrita,trecho,23-25,true,,FN,OK,true,VN
CVE-2020-15095,snyk-code,nivel_3,trecho,23-25,true,,FN,OK,true,VN
CVE-2020-15095,snyk-code,nivel_4_generosa,trecho,23-25,true,,FN,OK,true,VN
CVE-2020-15095,snyk-code,nivel_4_estrita,trecho,23-25,true,,FN,OK,true,VN
CVE-2020-15119,codeql,nivel_3,inalterada,18,true,,FN,OK,true,VN
CVE-2020-15119,codeql,nivel_4_generosa,inalterada,18,true,,FN,OK,true,VN
CVE-2020-15119,codeql,nivel_4_estrita,inalterada,18,true,,FN,OK,true,VN
CVE-2020-15119,semgrep,nivel_3,inalterada,18,true,,VP,OK,true,FP
CVE-2020-15119,semgrep,nivel_4_generosa,inalterada,18,true,,VP,OK,true,FP
CVE-2020-15119,semgrep,nivel_4_estrita,inalterada,18,true,,VP,OK,true,FP
CVE-2020-15119,snyk-code,nivel_3,inalterada,18,true,,FN,OK,true,VN
CVE-2020-15119,snyk-code,nivel_4_generosa,inalterada,18,true,,FN,OK,true,VN
CVE-2020-15119,snyk-code,nivel_4_estrita,inalterada,18,true,,FN,OK,true,VN
CVE-2020-15123,codeql,nivel_3,trecho,487-493,true,,VP,OK,true,VN
CVE-2020-15123,codeql,nivel_4_generosa,trecho,487-493,true,,VP,OK,true,VN
CVE-2020-15123,codeql,nivel_4_estrita,trecho,487-493,true,,VP,OK,true,VN
CVE-2020-15123,semgrep,nivel_3,trecho,487-493,true,,FN,OK,true,VN
CVE-2020-15123,semgrep,nivel_4_generosa,trecho,487-493,true,,FN,OK,true,VN
CVE-2020-15123,semgrep,nivel_4_estrita,trecho,487-493,true,,FN,OK,true,VN
CVE-2020-15123,snyk-code,nivel_3,trecho,487-493,true,,FN,SEM_ACHADOS,true,VN
CVE-2020-15123,snyk-code,nivel_4_generosa,trecho,487-493,true,,FN,SEM_ACHADOS,true,VN
CVE-2020-15123,snyk-code,nivel_4_estrita,trecho,487-493,true,,FN,SEM_ACHADOS,true,VN
CVE-2020-15135,codeql,nivel_3,inalterada,68,true,,FN,OK,true,VN
CVE-2020-15135,codeql,nivel_4_generosa,inalterada,68,true,,FN,OK,true,VN
CVE-2020-15135,codeql,nivel_4_estrita,inalterada,68,true,,FN,OK,true,VN
CVE-2020-15135,semgrep,nivel_3,inalterada,68,true,,FN,OK,true,VN
CVE-2020-15135,semgrep,nivel_4_generosa,inalterada,68,true,,FN,OK,true,VN
CVE-2020-15135,semgrep,nivel_4_estrita,inalterada,68,true,,FN,OK,true,VN
CVE-2020-15135,snyk-code,nivel_3,inalterada,68,true,,FN,OK,true,VN
CVE-2020-15135,snyk-code,nivel_4_generosa,inalterada,68,true,,FN,OK,true,VN
CVE-2020-15135,snyk-code,nivel_4_estrita,inalterada,68,true,,FN,OK,true,VN
CVE-2020-15138,codeql,nivel_3,trecho,356-357,true,,FN,OK,true,VN
CVE-2020-15138,codeql,nivel_4_generosa,trecho,356-357,true,,FN,OK,true,VN
CVE-2020-15138,codeql,nivel_4_estrita,trecho,356-357,true,,FN,OK,true,VN
CVE-2020-15138,semgrep,nivel_3,trecho,356-357,true,,VP,OK,true,VN
CVE-2020-15138,semgrep,nivel_4_generosa,trecho,356-357,true,,VP,OK,true,VN
CVE-2020-15138,semgrep,nivel_4_estrita,trecho,356-357,true,,VP,OK,true,VN
CVE-2020-15138,snyk-code,nivel_3,trecho,356-357,true,,VP,OK,true,VN
CVE-2020-15138,snyk-code,nivel_4_generosa,trecho,356-357,true,,VP,OK,true,VN
CVE-2020-15138,snyk-code,nivel_4_estrita,trecho,356-357,true,,VP,OK,true,VN
CVE-2020-15152,codeql,nivel_3,inalterada,38,true,,FN,SEM_ACHADOS,true,VN
CVE-2020-15152,codeql,nivel_4_generosa,inalterada,38,true,,FN,SEM_ACHADOS,true,VN
CVE-2020-15152,codeql,nivel_4_estrita,inalterada,38,true,,FN,SEM_ACHADOS,true,VN
CVE-2020-15152,semgrep,nivel_3,inalterada,38,true,,FN,OK,true,VN
CVE-2020-15152,semgrep,nivel_4_generosa,inalterada,38,true,,FN,OK,true,VN
CVE-2020-15152,semgrep,nivel_4_estrita,inalterada,38,true,,FN,OK,true,VN
CVE-2020-15152,snyk-code,nivel_3,inalterada,38,true,,FN,SEM_ACHADOS,true,VN
CVE-2020-15152,snyk-code,nivel_4_generosa,inalterada,38,true,,FN,SEM_ACHADOS,true,VN
CVE-2020-15152,snyk-code,nivel_4_estrita,inalterada,38,true,,FN,SEM_ACHADOS,true,VN
CVE-2020-15156,codeql,nivel_3,trecho,251-252,true,,FN,OK,true,VN
CVE-2020-15156,codeql,nivel_4_generosa,trecho,251-252,true,,FN,OK,true,VN
CVE-2020-15156,codeql,nivel_4_estrita,trecho,251-252,true,,FN,OK,true,VN
CVE-2020-15156,semgrep,nivel_3,trecho,251-252,true,,FN,OK,true,VN
CVE-2020-15156,semgrep,nivel_4_generosa,trecho,251-252,true,,FN,OK,true,VN
CVE-2020-15156,semgrep,nivel_4_estrita,trecho,251-252,true,,FN,OK,true,VN
CVE-2020-15156,snyk-code,nivel_3,trecho,251-252,true,,FN,OK,true,VN
CVE-2020-15156,snyk-code,nivel_4_generosa,trecho,251-252,true,,FN,OK,true,VN
CVE-2020-15156,snyk-code,nivel_4_estrita,trecho,251-252,true,,FN,OK,true,VN
CVE-2020-15256,codeql,nivel_3,inalterada,121,true,,VP,OK,true,FP
CVE-2020-15256,codeql,nivel_4_generosa,inalterada,121,true,,VP,OK,true,FP
CVE-2020-15256,codeql,nivel_4_estrita,inalterada,121,true,,VP,OK,true,FP
CVE-2020-15256,semgrep,nivel_3,inalterada,121,true,,FN,OK,true,VN
CVE-2020-15256,semgrep,nivel_4_generosa,inalterada,121,true,,FN,OK,true,VN
CVE-2020-15256,semgrep,nivel_4_estrita,inalterada,121,true,,FN,OK,true,VN
CVE-2020-15256,snyk-code,nivel_3,inalterada,121,true,,FN,SEM_ACHADOS,true,VN
CVE-2020-15256,snyk-code,nivel_4_generosa,inalterada,121,true,,FN,SEM_ACHADOS,true,VN
CVE-2020-15256,snyk-code,nivel_4_estrita,inalterada,121,true,,FN,SEM_ACHADOS,true,VN
CVE-2020-26226,codeql,nivel_3,inalterada,21,true,,FN,SEM_ACHADOS,true,VN
CVE-2020-26226,codeql,nivel_4_generosa,inalterada,21,true,,FN,SEM_ACHADOS,true,VN
CVE-2020-26226,codeql,nivel_4_estrita,inalterada,21,true,,FN,SEM_ACHADOS,true,VN
CVE-2020-26226,semgrep,nivel_3,inalterada,21,true,,FN,OK,true,VN
CVE-2020-26226,semgrep,nivel_4_generosa,inalterada,21,true,,FN,OK,true,VN
CVE-2020-26226,semgrep,nivel_4_estrita,inalterada,21,true,,FN,OK,true,VN
CVE-2020-26226,snyk-code,nivel_3,inalterada,21,true,,FN,OK,true,VN
CVE-2020-26226,snyk-code,nivel_4_generosa,inalterada,21,true,,FN,OK,true,VN
CVE-2020-26226,snyk-code,nivel_4_estrita,inalterada,21,true,,FN,OK,true,VN
CVE-2020-26256,codeql,nivel_3,so_remocao,del:7,false,so_remocao,VP,OK,true,VN
CVE-2020-26256,codeql,nivel_4_generosa,so_remocao,del:7,false,so_remocao,VP,OK,true,VN
CVE-2020-26256,codeql,nivel_4_estrita,so_remocao,del:7,false,so_remocao,VP,OK,true,VN
CVE-2020-26256,semgrep,nivel_3,so_remocao,del:7,false,so_remocao,FN,OK,true,VN
CVE-2020-26256,semgrep,nivel_4_generosa,so_remocao,del:7,false,so_remocao,FN,OK,true,VN
CVE-2020-26256,semgrep,nivel_4_estrita,so_remocao,del:7,false,so_remocao,FN,OK,true,VN
CVE-2020-26256,snyk-code,nivel_3,so_remocao,del:7,false,so_remocao,FN,SEM_ACHADOS,true,VN
CVE-2020-26256,snyk-code,nivel_4_generosa,so_remocao,del:7,false,so_remocao,FN,SEM_ACHADOS,true,VN
CVE-2020-26256,snyk-code,nivel_4_estrita,so_remocao,del:7,false,so_remocao,FN,SEM_ACHADOS,true,VN
CVE-2020-27666,codeql,nivel_3,inalterada,21,true,,FN,OK,true,VN
CVE-2020-27666,codeql,nivel_4_generosa,inalterada,21,true,,FN,OK,true,VN
CVE-2020-27666,codeql,nivel_4_estrita,inalterada,21,true,,FN,OK,true,VN
CVE-2020-27666,semgrep,nivel_3,inalterada,21,true,,VP,OK,true,FP
CVE-2020-27666,semgrep,nivel_4_generosa,inalterada,21,true,,VP,OK,true,FP
CVE-2020-27666,semgrep,nivel_4_estrita,inalterada,21,true,,VP,OK,true,FP
CVE-2020-27666,snyk-code,nivel_3,inalterada,21,true,,FN,OK,true,VN
CVE-2020-27666,snyk-code,nivel_4_generosa,inalterada,21,true,,FN,OK,true,VN
CVE-2020-27666,snyk-code,nivel_4_estrita,inalterada,21,true,,FN,OK,true,VN
CVE-2020-4051,codeql,nivel_3,inalterada,2180,true,,FN,OK,true,VN
CVE-2020-4051,codeql,nivel_4_generosa,inalterada,2180,true,,FN,OK,true,VN
CVE-2020-4051,codeql,nivel_4_estrita,inalterada,2180,true,,FN,OK,true,VN
CVE-2020-4051,semgrep,nivel_3,inalterada,2180,true,,FN,OK,true,VN
CVE-2020-4051,semgrep,nivel_4_generosa,inalterada,2180,true,,FN,OK,true,VN
CVE-2020-4051,semgrep,nivel_4_estrita,inalterada,2180,true,,FN,OK,true,VN
CVE-2020-4051,snyk-code,nivel_3,inalterada,2180,true,,FN,OK,true,VN
CVE-2020-4051,snyk-code,nivel_4_generosa,inalterada,2180,true,,FN,OK,true,VN
CVE-2020-4051,snyk-code,nivel_4_estrita,inalterada,2180,true,,FN,OK,true,VN
CVE-2020-4059,codeql,nivel_3,trecho,59-59,true,,VP,OK,true,FP
CVE-2020-4059,codeql,nivel_4_generosa,trecho,59-59,true,,VP,OK,true,FP
CVE-2020-4059,codeql,nivel_4_estrita,trecho,59-59,true,,VP,OK,true,FP
CVE-2020-4059,semgrep,nivel_3,trecho,59-59,true,,VP,OK,true,FP
CVE-2020-4059,semgrep,nivel_4_generosa,trecho,59-59,true,,VP,OK,true,FP
CVE-2020-4059,semgrep,nivel_4_estrita,trecho,59-59,true,,VP,OK,true,FP
CVE-2020-4059,snyk-code,nivel_3,trecho,59-59,true,,FN,SEM_ACHADOS,true,VN
CVE-2020-4059,snyk-code,nivel_4_generosa,trecho,59-59,true,,FN,SEM_ACHADOS,true,VN
CVE-2020-4059,snyk-code,nivel_4_estrita,trecho,59-59,true,,FN,SEM_ACHADOS,true,VN
CVE-2020-4066,codeql,nivel_3,trecho,97-97,true,,FN,OK,true,VN
CVE-2020-4066,codeql,nivel_4_generosa,trecho,97-97,true,,FN,OK,true,VN
CVE-2020-4066,codeql,nivel_4_estrita,trecho,97-97,true,,FN,OK,true,VN
CVE-2020-4066,semgrep,nivel_3,trecho,97-97,true,,VP,OK,true,VN
CVE-2020-4066,semgrep,nivel_4_generosa,trecho,97-97,true,,VP,OK,true,VN
CVE-2020-4066,semgrep,nivel_4_estrita,trecho,97-97,true,,VP,OK,true,VN
CVE-2020-4066,snyk-code,nivel_3,trecho,97-97,true,,FN,SEM_ACHADOS,true,VN
CVE-2020-4066,snyk-code,nivel_4_generosa,trecho,97-97,true,,FN,SEM_ACHADOS,true,VN
CVE-2020-4066,snyk-code,nivel_4_estrita,trecho,97-97,true,,FN,SEM_ACHADOS,true,VN
CVE-2020-5251,codeql,nivel_3,inalterada,667,true,,FN,OK,true,VN
CVE-2020-5251,codeql,nivel_4_generosa,inalterada,667,true,,FN,OK,true,VN
CVE-2020-5251,codeql,nivel_4_estrita,inalterada,667,true,,FN,OK,true,VN
CVE-2020-5251,semgrep,nivel_3,inalterada,667,true,,FN,OK,true,VN
CVE-2020-5251,semgrep,nivel_4_generosa,inalterada,667,true,,FN,OK,true,VN
CVE-2020-5251,semgrep,nivel_4_estrita,inalterada,667,true,,FN,OK,true,VN
CVE-2020-5251,snyk-code,nivel_3,inalterada,667,true,,FN,OK,true,VN
CVE-2020-5251,snyk-code,nivel_4_generosa,inalterada,667,true,,FN,OK,true,VN
CVE-2020-5251,snyk-code,nivel_4_estrita,inalterada,667,true,,FN,OK,true,VN
CVE-2020-5258,codeql,nivel_3,inalterada,61,true,,VP,OK,true,FP
CVE-2020-5258,codeql,nivel_4_generosa,inalterada,61,true,,VP,OK,true,FP
CVE-2020-5258,codeql,nivel_4_estrita,inalterada,61,true,,VP,OK,true,FP
CVE-2020-5258,semgrep,nivel_3,inalterada,61,true,,FN,OK,true,VN
CVE-2020-5258,semgrep,nivel_4_generosa,inalterada,61,true,,FN,OK,true,VN
CVE-2020-5258,semgrep,nivel_4_estrita,inalterada,61,true,,FN,OK,true,VN
CVE-2020-5258,snyk-code,nivel_3,inalterada,61,true,,FN,OK,true,VN
CVE-2020-5258,snyk-code,nivel_4_generosa,inalterada,61,true,,FN,OK,true,VN
CVE-2020-5258,snyk-code,nivel_4_estrita,inalterada,61,true,,FN,OK,true,VN
CVE-2020-6836,codeql,nivel_3,trecho,225-225,true,,FN,OK,true,VN
CVE-2020-6836,codeql,nivel_4_generosa,trecho,225-225,true,,FN,OK,true,VN
CVE-2020-6836,codeql,nivel_4_estrita,trecho,225-225,true,,FN,OK,true,VN
CVE-2020-6836,semgrep,nivel_3,trecho,225-225,true,,VP,OK,true,VN
CVE-2020-6836,semgrep,nivel_4_generosa,trecho,225-225,true,,FN,OK,true,VN
CVE-2020-6836,semgrep,nivel_4_estrita,trecho,225-225,true,,FN,OK,true,VN
CVE-2020-6836,snyk-code,nivel_3,trecho,225-225,true,,FN,SEM_ACHADOS,true,VN
CVE-2020-6836,snyk-code,nivel_4_generosa,trecho,225-225,true,,FN,SEM_ACHADOS,true,VN
CVE-2020-6836,snyk-code,nivel_4_estrita,trecho,225-225,true,,FN,SEM_ACHADOS,true,VN
CVE-2020-7638,codeql,nivel_3,trecho,127-127,true,,FN,SEM_ACHADOS,true,VN
CVE-2020-7638,codeql,nivel_4_generosa,trecho,127-127,true,,FN,SEM_ACHADOS,true,VN
CVE-2020-7638,codeql,nivel_4_estrita,trecho,127-127,true,,FN,SEM_ACHADOS,true,VN
CVE-2020-7638,semgrep,nivel_3,trecho,127-127,true,,VP,OK,true,VN
CVE-2020-7638,semgrep,nivel_4_generosa,trecho,127-127,true,,VP,OK,true,VN
CVE-2020-7638,semgrep,nivel_4_estrita,trecho,127-127,true,,VP,OK,true,VN
CVE-2020-7638,snyk-code,nivel_3,trecho,127-127,true,,FN,OK,true,VN
CVE-2020-7638,snyk-code,nivel_4_generosa,trecho,127-127,true,,FN,OK,true,VN
CVE-2020-7638,snyk-code,nivel_4_estrita,trecho,127-127,true,,FN,OK,true,VN
CVE-2020-7656,codeql,nivel_3,trecho,173-173,true,,FN,OK,true,VN
CVE-2020-7656,codeql,nivel_4_generosa,trecho,173-173,true,,FN,OK,true,VN
CVE-2020-7656,codeql,nivel_4_estrita,trecho,173-173,true,,FN,OK,true,VN
CVE-2020-7656,semgrep,nivel_3,trecho,173-173,true,,FN,OK,true,VN
CVE-2020-7656,semgrep,nivel_4_generosa,trecho,173-173,true,,FN,OK,true,VN
CVE-2020-7656,semgrep,nivel_4_estrita,trecho,173-173,true,,FN,OK,true,VN
CVE-2020-7656,snyk-code,nivel_3,trecho,173-173,true,,VP,OK,true,VN
CVE-2020-7656,snyk-code,nivel_4_generosa,trecho,173-173,true,,FN,OK,true,VN
CVE-2020-7656,snyk-code,nivel_4_estrita,trecho,173-173,true,,FN,OK,true,VN
CVE-2020-7660,codeql,nivel_3,trecho,12-14,true,,VP,SEM_ACHADOS,true,VN
CVE-2020-7660,codeql,nivel_4_generosa,trecho,12-14,true,,FN,SEM_ACHADOS,true,VN
CVE-2020-7660,codeql,nivel_4_estrita,trecho,12-14,true,,FN,SEM_ACHADOS,true,VN
CVE-2020-7660,semgrep,nivel_3,trecho,12-14,true,,FN,SEM_ACHADOS,true,VN
CVE-2020-7660,semgrep,nivel_4_generosa,trecho,12-14,true,,FN,SEM_ACHADOS,true,VN
CVE-2020-7660,semgrep,nivel_4_estrita,trecho,12-14,true,,FN,SEM_ACHADOS,true,VN
CVE-2020-7660,snyk-code,nivel_3,trecho,12-14,true,,FN,SEM_ACHADOS,true,VN
CVE-2020-7660,snyk-code,nivel_4_generosa,trecho,12-14,true,,FN,SEM_ACHADOS,true,VN
CVE-2020-7660,snyk-code,nivel_4_estrita,trecho,12-14,true,,FN,SEM_ACHADOS,true,VN
CVE-2020-7662,codeql,nivel_3,trecho,5-5,true,,VP,OK,true,VN
CVE-2020-7662,codeql,nivel_4_generosa,trecho,5-5,true,,VP,OK,true,VN
CVE-2020-7662,codeql,nivel_4_estrita,trecho,5-5,true,,VP,OK,true,VN
CVE-2020-7662,semgrep,nivel_3,trecho,5-5,true,,FN,SEM_ACHADOS,true,VN
CVE-2020-7662,semgrep,nivel_4_generosa,trecho,5-5,true,,FN,SEM_ACHADOS,true,VN
CVE-2020-7662,semgrep,nivel_4_estrita,trecho,5-5,true,,FN,SEM_ACHADOS,true,VN
CVE-2020-7662,snyk-code,nivel_3,trecho,5-5,true,,FN,SEM_ACHADOS,true,VN
CVE-2020-7662,snyk-code,nivel_4_generosa,trecho,5-5,true,,FN,SEM_ACHADOS,true,VN
CVE-2020-7662,snyk-code,nivel_4_estrita,trecho,5-5,true,,FN,SEM_ACHADOS,true,VN
CVE-2020-7676,codeql,nivel_3,trecho,243-266,true,,VP,OK,true,FP
CVE-2020-7676,codeql,nivel_4_generosa,trecho,243-266,true,,VP,OK,true,FP
CVE-2020-7676,codeql,nivel_4_estrita,trecho,243-266,true,,VP,OK,true,FP
CVE-2020-7676,semgrep,nivel_3,trecho,243-266,true,,FN,OK,true,VN
CVE-2020-7676,semgrep,nivel_4_generosa,trecho,243-266,true,,FN,OK,true,VN
CVE-2020-7676,semgrep,nivel_4_estrita,trecho,243-266,true,,FN,OK,true,VN
CVE-2020-7676,snyk-code,nivel_3,trecho,243-266,true,,FN,OK,true,VN
CVE-2020-7676,snyk-code,nivel_4_generosa,trecho,243-266,true,,FN,OK,true,VN
CVE-2020-7676,snyk-code,nivel_4_estrita,trecho,243-266,true,,FN,OK,true,VN
CVE-2020-7699,codeql,nivel_3,inalterada,27,true,,VP,OK,true,FP
CVE-2020-7699,codeql,nivel_4_generosa,inalterada,27,true,,VP,OK,true,FP
CVE-2020-7699,codeql,nivel_4_estrita,inalterada,27,true,,FN,OK,true,VN
CVE-2020-7699,semgrep,nivel_3,inalterada,27,true,,FN,OK,true,VN
CVE-2020-7699,semgrep,nivel_4_generosa,inalterada,27,true,,FN,OK,true,VN
CVE-2020-7699,semgrep,nivel_4_estrita,inalterada,27,true,,FN,OK,true,VN
CVE-2020-7699,snyk-code,nivel_3,inalterada,27,true,,FN,OK,true,VN
CVE-2020-7699,snyk-code,nivel_4_generosa,inalterada,27,true,,FN,OK,true,VN
CVE-2020-7699,snyk-code,nivel_4_estrita,inalterada,27,true,,FN,OK,true,VN
CVE-2020-7720,codeql,nivel_3,so_remocao,del:2516,false,so_remocao,VP,OK,true,VN
CVE-2020-7720,codeql,nivel_4_generosa,so_remocao,del:2516,false,so_remocao,VP,OK,true,VN
CVE-2020-7720,codeql,nivel_4_estrita,so_remocao,del:2516,false,so_remocao,VP,OK,true,VN
CVE-2020-7720,semgrep,nivel_3,so_remocao,del:2516,false,so_remocao,FN,OK,true,VN
CVE-2020-7720,semgrep,nivel_4_generosa,so_remocao,del:2516,false,so_remocao,FN,OK,true,VN
CVE-2020-7720,semgrep,nivel_4_estrita,so_remocao,del:2516,false,so_remocao,FN,OK,true,VN
CVE-2020-7720,snyk-code,nivel_3,so_remocao,del:2516,false,so_remocao,FN,OK,true,VN
CVE-2020-7720,snyk-code,nivel_4_generosa,so_remocao,del:2516,false,so_remocao,FN,OK,true,VN
CVE-2020-7720,snyk-code,nivel_4_estrita,so_remocao,del:2516,false,so_remocao,FN,OK,true,VN
CVE-2020-7750,codeql,nivel_3,trecho,383-384,true,,FN,OK,true,VN
CVE-2020-7750,codeql,nivel_4_generosa,trecho,383-384,true,,FN,OK,true,VN
CVE-2020-7750,codeql,nivel_4_estrita,trecho,383-384,true,,FN,OK,true,VN
CVE-2020-7750,semgrep,nivel_3,trecho,383-384,true,,FN,SEM_ACHADOS,true,VN
CVE-2020-7750,semgrep,nivel_4_generosa,trecho,383-384,true,,FN,SEM_ACHADOS,true,VN
CVE-2020-7750,semgrep,nivel_4_estrita,trecho,383-384,true,,FN,SEM_ACHADOS,true,VN
CVE-2020-7750,snyk-code,nivel_3,trecho,383-384,true,,FN,SEM_ACHADOS,true,VN
CVE-2020-7750,snyk-code,nivel_4_generosa,trecho,383-384,true,,FN,SEM_ACHADOS,true,VN
CVE-2020-7750,snyk-code,nivel_4_estrita,trecho,383-384,true,,FN,SEM_ACHADOS,true,VN
CVE-2020-7752,codeql,nivel_3,inalterada,1079,true,,FN,OK,true,VN
CVE-2020-7752,codeql,nivel_4_generosa,inalterada,1079,true,,FN,OK,true,VN
CVE-2020-7752,codeql,nivel_4_estrita,inalterada,1079,true,,FN,OK,true,VN
CVE-2020-7752,semgrep,nivel_3,inalterada,1079,true,,FN,OK,true,VN
CVE-2020-7752,semgrep,nivel_4_generosa,inalterada,1079,true,,FN,OK,true,VN
CVE-2020-7752,semgrep,nivel_4_estrita,inalterada,1079,true,,FN,OK,true,VN
CVE-2020-7752,snyk-code,nivel_3,inalterada,1079,true,,FN,OK,true,VN
CVE-2020-7752,snyk-code,nivel_4_generosa,inalterada,1079,true,,FN,OK,true,VN
CVE-2020-7752,snyk-code,nivel_4_estrita,inalterada,1079,true,,FN,OK,true,VN
CVE-2020-7763,codeql,nivel_3,inalterada,14,true,,VP,OK,true,FP
CVE-2020-7763,codeql,nivel_4_generosa,inalterada,14,true,,FN,OK,true,VN
CVE-2020-7763,codeql,nivel_4_estrita,inalterada,14,true,,FN,OK,true,VN
CVE-2020-7763,semgrep,nivel_3,inalterada,14,true,,FN,OK,true,VN
CVE-2020-7763,semgrep,nivel_4_generosa,inalterada,14,true,,FN,OK,true,VN
CVE-2020-7763,semgrep,nivel_4_estrita,inalterada,14,true,,FN,OK,true,VN
CVE-2020-7763,snyk-code,nivel_3,inalterada,14,true,,FN,SEM_ACHADOS,true,VN
CVE-2020-7763,snyk-code,nivel_4_generosa,inalterada,14,true,,FN,SEM_ACHADOS,true,VN
CVE-2020-7763,snyk-code,nivel_4_estrita,inalterada,14,true,,FN,SEM_ACHADOS,true,VN
CVE-2020-8116,codeql,nivel_3,inalterada,85,true,,VP,OK,true,FP
CVE-2020-8116,codeql,nivel_4_generosa,inalterada,85,true,,VP,OK,true,FP
CVE-2020-8116,codeql,nivel_4_estrita,inalterada,85,true,,VP,OK,true,FP
CVE-2020-8116,semgrep,nivel_3,inalterada,85,true,,FN,OK,true,VN
CVE-2020-8116,semgrep,nivel_4_generosa,inalterada,85,true,,FN,OK,true,VN
CVE-2020-8116,semgrep,nivel_4_estrita,inalterada,85,true,,FN,OK,true,VN
CVE-2020-8116,snyk-code,nivel_3,inalterada,85,true,,FN,SEM_ACHADOS,true,VN
CVE-2020-8116,snyk-code,nivel_4_generosa,inalterada,85,true,,FN,SEM_ACHADOS,true,VN
CVE-2020-8116,snyk-code,nivel_4_estrita,inalterada,85,true,,FN,SEM_ACHADOS,true,VN
CVE-2020-8135,codeql,nivel_3,inalterada,73,true,,VP,OK,true,FP
CVE-2020-8135,codeql,nivel_4_generosa,inalterada,73,true,,FN,OK,true,VN
CVE-2020-8135,codeql,nivel_4_estrita,inalterada,73,true,,FN,OK,true,VN
CVE-2020-8135,semgrep,nivel_3,inalterada,73,true,,FN,OK,true,VN
CVE-2020-8135,semgrep,nivel_4_generosa,inalterada,73,true,,FN,OK,true,VN
CVE-2020-8135,semgrep,nivel_4_estrita,inalterada,73,true,,FN,OK,true,VN
CVE-2020-8135,snyk-code,nivel_3,inalterada,73,true,,FN,OK,true,VN
CVE-2020-8135,snyk-code,nivel_4_generosa,inalterada,73,true,,FN,OK,true,VN
CVE-2020-8135,snyk-code,nivel_4_estrita,inalterada,73,true,,FN,OK,true,VN
CVE-2020-8149,codeql,nivel_3,trecho,54-59,true,,VP,OK,true,VN
CVE-2020-8149,codeql,nivel_4_generosa,trecho,54-59,true,,VP,OK,true,VN
CVE-2020-8149,codeql,nivel_4_estrita,trecho,54-59,true,,VP,OK,true,VN
CVE-2020-8149,semgrep,nivel_3,trecho,54-59,true,,VP,OK,true,VN
CVE-2020-8149,semgrep,nivel_4_generosa,trecho,54-59,true,,VP,OK,true,VN
CVE-2020-8149,semgrep,nivel_4_estrita,trecho,54-59,true,,VP,OK,true,VN
CVE-2020-8149,snyk-code,nivel_3,trecho,54-59,true,,FN,SEM_ACHADOS,true,VN
CVE-2020-8149,snyk-code,nivel_4_generosa,trecho,54-59,true,,FN,SEM_ACHADOS,true,VN
CVE-2020-8149,snyk-code,nivel_4_estrita,trecho,54-59,true,,FN,SEM_ACHADOS,true,VN
CVE-2020-8192,codeql,nivel_3,inalterada,37,true,,FN,SEM_ACHADOS,true,VN
CVE-2020-8192,codeql,nivel_4_generosa,inalterada,37,true,,FN,SEM_ACHADOS,true,VN
CVE-2020-8192,codeql,nivel_4_estrita,inalterada,37,true,,FN,SEM_ACHADOS,true,VN
CVE-2020-8192,semgrep,nivel_3,inalterada,37,true,,FN,OK,true,VN
CVE-2020-8192,semgrep,nivel_4_generosa,inalterada,37,true,,FN,OK,true,VN
CVE-2020-8192,semgrep,nivel_4_estrita,inalterada,37,true,,FN,OK,true,VN
CVE-2020-8192,snyk-code,nivel_3,inalterada,37,true,,FN,OK,true,VN
CVE-2020-8192,snyk-code,nivel_4_generosa,inalterada,37,true,,FN,OK,true,VN
CVE-2020-8192,snyk-code,nivel_4_estrita,inalterada,37,true,,FN,OK,true,VN
CVE-2020-8203,codeql,nivel_3,inalterada,2559,true,,VP,OK,true,VN
CVE-2020-8203,codeql,nivel_4_generosa,inalterada,2559,true,,VP,OK,true,VN
CVE-2020-8203,codeql,nivel_4_estrita,inalterada,2559,true,,VP,OK,true,VN
CVE-2020-8203,semgrep,nivel_3,inalterada,2559,true,,FN,OK,true,VN
CVE-2020-8203,semgrep,nivel_4_generosa,inalterada,2559,true,,FN,OK,true,VN
CVE-2020-8203,semgrep,nivel_4_estrita,inalterada,2559,true,,FN,OK,true,VN
CVE-2020-8203,snyk-code,nivel_3,inalterada,2559,true,,FN,OK,true,VN
CVE-2020-8203,snyk-code,nivel_4_generosa,inalterada,2559,true,,FN,OK,true,VN
CVE-2020-8203,snyk-code,nivel_4_estrita,inalterada,2559,true,,FN,OK,true,VN
CVE-2020-8205,codeql,nivel_3,inalterada,122,true,,VP,OK,true,FP
CVE-2020-8205,codeql,nivel_4_generosa,inalterada,122,true,,VP,OK,true,FP
CVE-2020-8205,codeql,nivel_4_estrita,inalterada,122,true,,VP,OK,true,FP
CVE-2020-8205,semgrep,nivel_3,inalterada,122,true,,FN,OK,true,VN
CVE-2020-8205,semgrep,nivel_4_generosa,inalterada,122,true,,FN,OK,true,VN
CVE-2020-8205,semgrep,nivel_4_estrita,inalterada,122,true,,FN,OK,true,VN
CVE-2020-8205,snyk-code,nivel_3,inalterada,122,true,,FN,OK,true,VN
CVE-2020-8205,snyk-code,nivel_4_generosa,inalterada,122,true,,FN,OK,true,VN
CVE-2020-8205,snyk-code,nivel_4_estrita,inalterada,122,true,,FN,OK,true,VN
CVE-2020-8244,codeql,nivel_3,inalterada,190,true,,FN,OK,true,VN
CVE-2020-8244,codeql,nivel_4_generosa,inalterada,190,true,,FN,OK,true,VN
CVE-2020-8244,codeql,nivel_4_estrita,inalterada,190,true,,FN,OK,true,VN
CVE-2020-8244,semgrep,nivel_3,inalterada,190,true,,FN,SEM_ACHADOS,true,VN
CVE-2020-8244,semgrep,nivel_4_generosa,inalterada,190,true,,FN,SEM_ACHADOS,true,VN
CVE-2020-8244,semgrep,nivel_4_estrita,inalterada,190,true,,FN,SEM_ACHADOS,true,VN
CVE-2020-8244,snyk-code,nivel_3,inalterada,190,true,,FN,OK,true,VN
CVE-2020-8244,snyk-code,nivel_4_generosa,inalterada,190,true,,FN,OK,true,VN
CVE-2020-8244,snyk-code,nivel_4_estrita,inalterada,190,true,,FN,OK,true,VN
CVE-2020-9038,codeql,nivel_3,trecho,24-24,true,,FN,OK,true,VN
CVE-2020-9038,codeql,nivel_4_generosa,trecho,24-24,true,,FN,OK,true,VN
CVE-2020-9038,codeql,nivel_4_estrita,trecho,24-24,true,,FN,OK,true,VN
CVE-2020-9038,semgrep,nivel_3,trecho,24-24,true,,FN,OK,true,VN
CVE-2020-9038,semgrep,nivel_4_generosa,trecho,24-24,true,,FN,OK,true,VN
CVE-2020-9038,semgrep,nivel_4_estrita,trecho,24-24,true,,FN,OK,true,VN
CVE-2020-9038,snyk-code,nivel_3,trecho,24-24,true,,FN,OK,true,VN
CVE-2020-9038,snyk-code,nivel_4_generosa,trecho,24-24,true,,FN,OK,true,VN
CVE-2020-9038,snyk-code,nivel_4_estrita,trecho,24-24,true,,FN,OK,true,VN
CVE-2021-23344,codeql,nivel_3,trecho,6625-6626,true,,FN,OK,true,VN
CVE-2021-23344,codeql,nivel_4_generosa,trecho,6625-6626,true,,FN,OK,true,VN
CVE-2021-23344,codeql,nivel_4_estrita,trecho,6625-6626,true,,FN,OK,true,VN
CVE-2021-23344,semgrep,nivel_3,trecho,6625-6626,true,,FN,OK,true,VN
CVE-2021-23344,semgrep,nivel_4_generosa,trecho,6625-6626,true,,FN,OK,true,VN
CVE-2021-23344,semgrep,nivel_4_estrita,trecho,6625-6626,true,,FN,OK,true,VN
CVE-2021-23344,snyk-code,nivel_3,trecho,6625-6626,true,,FN,OK,true,VN
CVE-2021-23344,snyk-code,nivel_4_generosa,trecho,6625-6626,true,,FN,OK,true,VN
CVE-2021-23344,snyk-code,nivel_4_estrita,trecho,6625-6626,true,,FN,OK,true,VN
CVE-2021-23364,codeql,nivel_3,trecho,802-802|827-827|855-855|890-890|921-921|925-925,true,,FN,OK,true,VN
CVE-2021-23364,codeql,nivel_4_generosa,trecho,802-802|827-827|855-855|890-890|921-921|925-925,true,,FN,OK,true,VN
CVE-2021-23364,codeql,nivel_4_estrita,trecho,802-802|827-827|855-855|890-890|921-921|925-925,true,,FN,OK,true,VN
CVE-2021-23364,semgrep,nivel_3,trecho,802-802|827-827|855-855|890-890|921-921|925-925,true,,FN,OK,true,VN
CVE-2021-23364,semgrep,nivel_4_generosa,trecho,802-802|827-827|855-855|890-890|921-921|925-925,true,,FN,OK,true,VN
CVE-2021-23364,semgrep,nivel_4_estrita,trecho,802-802|827-827|855-855|890-890|921-921|925-925,true,,FN,OK,true,VN
CVE-2021-23364,snyk-code,nivel_3,trecho,802-802|827-827|855-855|890-890|921-921|925-925,true,,FN,OK,true,VN
CVE-2021-23364,snyk-code,nivel_4_generosa,trecho,802-802|827-827|855-855|890-890|921-921|925-925,true,,FN,OK,true,VN
CVE-2021-23364,snyk-code,nivel_4_estrita,trecho,802-802|827-827|855-855|890-890|921-921|925-925,true,,FN,OK,true,VN
CVE-2021-31712,codeql,nivel_3,trecho,36-36|60-60,true,,FN,OK,true,VN
CVE-2021-31712,codeql,nivel_4_generosa,trecho,36-36|60-60,true,,FN,OK,true,VN
CVE-2021-31712,codeql,nivel_4_estrita,trecho,36-36|60-60,true,,FN,OK,true,VN
CVE-2021-31712,semgrep,nivel_3,trecho,36-36|60-60,true,,FN,OK,true,VN
CVE-2021-31712,semgrep,nivel_4_generosa,trecho,36-36|60-60,true,,FN,OK,true,VN
CVE-2021-31712,semgrep,nivel_4_estrita,trecho,36-36|60-60,true,,FN,OK,true,VN
CVE-2021-31712,snyk-code,nivel_3,trecho,36-36|60-60,true,,FN,OK,true,VN
CVE-2021-31712,snyk-code,nivel_4_generosa,trecho,36-36|60-60,true,,FN,OK,true,VN
CVE-2021-31712,snyk-code,nivel_4_estrita,trecho,36-36|60-60,true,,FN,OK,true,VN
